time,Vs,Vo
0,1.982422,-0.986328
0.001,1.962891,-0.991211
0.002,1.94336,-0.996094
0.003,1.923828,-1.000977
0.004,1.899414,-0.991211
0.005,1.884766,-1.000977
0.006,1.860352,-1.010742
0.007,1.840821,-1.000977
0.008,1.821289,-1.000977
0.009,1.806641,-0.996094
0.01,1.78711,-0.991211
0.011,1.767578,-0.986328
0.012,1.748047,-0.966797
0.013,1.733399,-0.97168
0.014,1.708985,-0.957031
0.015,1.694336,-0.952149
0.016,1.674805,-0.942383
0.017,1.660156,-0.932617
0.018,1.645508,-0.913086
0.019,1.625977,-0.90332
0.02,1.611328,-0.883789
0.021,1.591797,-0.874024
0.022,1.577149,-0.849609
0.023,1.557617,-0.825195
0.024,1.547852,-0.805664
0.025,1.52832,-0.776367
0.026,1.518555,-0.742188
0.027,1.499024,-0.693359
0.028,1.484375,-0.610352
0.029,1.47461,-0.405273
0.03,1.455078,-0.161133
0.031,1.44043,0.083008
0.032,1.425781,0.336914
0.033,1.416016,0.595703
0.034,1.401367,0.844727
0.035,1.386719,1.083984
0.036,1.37207,1.328125
0.037,1.367188,1.567383
0.038,1.347656,1.791992
0.039,1.342774,1.953125
0.04,1.347656,2.03125
0.041,1.391602,2.09961
0.042,1.445313,2.177735
0.043,1.52832,2.260742
0.044,1.621094,2.368164
0.045,1.723633,2.485352
0.046,1.831055,2.597657
0.047,1.948242,2.705078
0.048,2.055664,2.817383
0.049,2.172852,2.929688
0.05,2.285156,3.03711
0.051,2.382813,3.144532
0.052,2.485352,3.237305
0.053,2.573242,3.31543
0.054,2.65625,3.393555
0.055,2.719727,3.47168
0.056,2.788086,3.515625
0.057,2.836914,3.559571
0.058,2.875977,3.588868
0.059,2.900391,3.608399
0.06,2.919922,3.613282
0.061,2.919922,3.598633
0.062,2.915039,3.569336
0.063,2.900391,3.510743
0.064,2.875977,3.417969
0.065,2.841797,3.305664
0.066,2.8125,3.164063
0.067,2.788086,3.00293
0.068,2.753907,2.832032
0.069,2.729492,2.651367
0.07,2.700196,2.465821
0.071,2.670899,2.260742
0.072,2.641602,2.055664
0.073,2.617188,1.826172
0.074,2.587891,1.606445
0.075,2.563477,1.367188
0.076,2.539063,1.123047
0.077,2.509766,0.883789
0.078,2.485352,0.639649
0.079,2.456055,0.390625
0.08,2.436524,0.141602
0.081,2.407227,-0.112305
0.082,2.387696,-0.366211
0.083,2.363281,-0.581055
0.084,2.338867,-0.683594
0.085,2.314453,-0.737305
0.086,2.290039,-0.766602
0.087,2.265625,-0.800781
0.088,2.241211,-0.81543
0.089,2.226563,-0.844727
0.09,2.197266,-0.864258
0.091,2.177735,-0.878906
0.092,2.153321,-0.898438
0.093,2.133789,-0.913086
0.094,2.109375,-0.927734
0.095,2.089844,-0.942383
0.096,2.070313,-0.961914
0.097,2.050781,-0.961914
0.098,2.021485,-0.966797
0.099,2.006836,-0.976563
0.1,1.982422,-0.986328
0.101,1.962891,-0.991211
0.102,1.94336,-0.991211
0.103,1.923828,-1.000977
0.104,1.899414,-1.000977
0.105,1.884766,-0.996094
0.106,1.860352,-1.000977
0.107,1.840821,-1.000977
0.108,1.821289,-1.000977
0.109,1.801758,-0.996094
0.11,1.78711,-0.991211
0.111,1.762695,-0.991211
0.112,1.748047,-0.976563
0.113,1.728516,-0.966797
0.114,1.713867,-0.976563
0.115,1.694336,-0.952149
0.116,1.674805,-0.942383
0.117,1.655274,-0.927734
0.118,1.645508,-0.917969
0.119,1.625977,-0.90332
0.12,1.611328,-0.883789
0.121,1.591797,-0.864258
0.122,1.577149,-0.849609
0.123,1.557617,-0.830078
0.124,1.542969,-0.805664
0.125,1.533203,-0.776367
0.126,1.518555,-0.742188
0.127,1.499024,-0.693359
0.128,1.489258,-0.610352
0.129,1.469727,-0.400391
0.13,1.459961,-0.161133
0.131,1.44043,0.092773
0.132,1.430664,0.341797
0.133,1.416016,0.600586
0.134,1.40625,0.834961
0.135,1.386719,1.083984
0.136,1.376953,1.328125
0.137,1.357422,1.5625
0.138,1.347656,1.78711
0.139,1.337891,1.953125
0.14,1.352539,2.026367
0.141,1.386719,2.094727
0.142,1.450195,2.177735
0.143,1.52832,2.270508
0.144,1.621094,2.368164
0.145,1.723633,2.475586
0.146,1.831055,2.592774
0.147,1.948242,2.705078
0.148,2.060547,2.817383
0.149,2.172852,2.934571
0.15,2.280274,3.041992
0.151,2.387696,3.144532
0.152,2.480469,3.237305
0.153,2.578125,3.31543
0.154,2.651367,3.398438
0.155,2.729492,3.461914
0.156,2.788086,3.515625
0.157,2.836914,3.559571
0.158,2.871094,3.588868
0.159,2.905274,3.608399
0.16,2.915039,3.613282
0.161,2.924805,3.598633
0.162,2.915039,3.564453
0.163,2.900391,3.510743
0.164,2.871094,3.432618
0.165,2.841797,3.310547
0.166,2.8125,3.164063
0.167,2.783203,3.007813
0.168,2.753907,2.832032
0.169,2.72461,2.651367
0.17,2.700196,2.451172
0.171,2.675782,2.25586
0.172,2.641602,2.050781
0.173,2.617188,1.835938
0.174,2.587891,1.606445
0.175,2.563477,1.362305
0.176,2.539063,1.12793
0.177,2.509766,0.878906
0.178,2.480469,0.644531
0.179,2.460938,0.395508
0.18,2.431641,0.136719
0.181,2.41211,-0.112305
0.182,2.382813,-0.356445
0.183,2.363281,-0.585938
0.184,2.338867,-0.683594
0.185,2.314453,-0.732422
0.186,2.294922,-0.766602
0.187,2.270508,-0.800781
0.188,2.241211,-0.820313
0.189,2.22168,-0.844727
0.19,2.197266,-0.864258
0.191,2.172852,-0.883789
0.192,2.153321,-0.898438
0.193,2.133789,-0.913086
0.194,2.114258,-0.927734
0.195,2.084961,-0.9375
0.196,2.070313,-0.952149
0.197,2.045899,-0.961914
0.198,2.026367,-0.97168
0.199,2.001953,-0.976563
0.2,1.982422,-0.986328
0.201,1.962891,-0.986328
0.202,1.94336,-0.996094
0.203,1.923828,-0.996094
0.204,1.904297,-1.000977
0.205,1.879883,-1.000977
0.206,1.860352,-1.005859
0.207,1.840821,-1.000977
0.208,1.821289,-0.996094
0.209,1.801758,-0.996094
0.21,1.78711,-0.991211
0.211,1.767578,-0.986328
0.212,1.748047,-0.976563
0.213,1.728516,-0.97168
0.214,1.708985,-0.961914
0.215,1.694336,-0.952149
0.216,1.674805,-0.942383
0.217,1.660156,-0.927734
0.218,1.640625,-0.917969
0.219,1.63086,-0.898438
0.22,1.611328,-0.883789
0.221,1.59668,-0.864258
0.222,1.577149,-0.849609
0.223,1.5625,-0.830078
0.224,1.542969,-0.805664
0.225,1.533203,-0.776367
0.226,1.518555,-0.74707
0.227,1.499024,-0.698242
0.228,1.489258,-0.610352
0.229,1.469727,-0.400391
0.23,1.459961,-0.151367
0.231,1.44043,0.087891
0.232,1.430664,0.341797
0.233,1.416016,0.585938
0.234,1.401367,0.834961
0.235,1.386719,1.079102
0.236,1.376953,1.323242
0.237,1.357422,1.567383
0.238,1.347656,1.777344
0.239,1.337891,1.953125
0.24,1.352539,2.03125
0.241,1.386719,2.094727
0.242,1.450195,2.177735
0.243,1.523438,2.265625
0.244,1.625977,2.363281
0.245,1.723633,2.475586
0.246,1.835938,2.587891
0.247,1.94336,2.705078
0.248,2.060547,2.8125
0.249,2.167969,2.934571
0.25,2.280274,3.03711
0.251,2.382813,3.144532
0.252,2.480469,3.237305
0.253,2.573242,3.320313
0.254,2.65625,3.398438
0.255,2.719727,3.461914
0.256,2.783203,3.515625
0.257,2.832032,3.554688
0.258,2.875977,3.588868
0.259,2.905274,3.608399
0.26,2.919922,3.613282
0.261,2.924805,3.598633
0.262,2.915039,3.554688
0.263,2.900391,3.515625
0.264,2.871094,3.427735
0.265,2.84668,3.305664
0.266,2.8125,3.15918
0.267,2.788086,2.998047
0.268,2.753907,2.841797
0.269,2.72461,2.65625
0.27,2.695313,2.465821
0.271,2.670899,2.25586
0.272,2.641602,2.055664
0.273,2.617188,1.831055
0.274,2.587891,1.601563
0.275,2.563477,1.376953
0.276,2.539063,1.12793
0.277,2.509766,0.878906
0.278,2.485352,0.634766
0.279,2.456055,0.395508
0.28,2.436524,0.146484
0.281,2.41211,-0.102539
0.282,2.387696,-0.361328
0.283,2.358399,-0.581055
0.284,2.338867,-0.683594
0.285,2.309571,-0.737305
0.286,2.290039,-0.771484
0.287,2.270508,-0.800781
0.288,2.246094,-0.820313
0.289,2.226563,-0.844727
0.29,2.197266,-0.864258
0.291,2.177735,-0.883789
0.292,2.153321,-0.898438
0.293,2.133789,-0.917969
0.294,2.109375,-0.927734
0.295,2.089844,-0.942383
0.296,2.06543,-0.952149
0.297,2.050781,-0.961914
0.298,2.021485,-0.966797
0.299,2.001953,-0.97168
0.3,1.982422,-0.986328
0.301,1.962891,-0.986328
0.302,1.94336,-0.996094
0.303,1.918946,-0.996094
0.304,1.904297,-0.996094
0.305,1.879883,-1.005859
0.306,1.865235,-1.000977
0.307,1.840821,-1.000977
0.308,1.821289,-1.000977
0.309,1.801758,-0.991211
0.31,1.78711,-0.996094
0.311,1.762695,-0.986328
0.312,1.748047,-0.981445
0.313,1.728516,-0.97168
0.314,1.713867,-0.961914
0.315,1.694336,-0.952149
0.316,1.679688,-0.942383
0.317,1.660156,-0.927734
0.318,1.645508,-0.917969
0.319,1.621094,-0.898438
0.32,1.606445,-0.888672
0.321,1.59668,-0.869141
0.322,1.582031,-0.849609
0.323,1.557617,-0.830078
0.324,1.547852,-0.805664
0.325,1.52832,-0.776367
0.326,1.513672,-0.742188
0.327,1.499024,-0.698242
0.328,1.484375,-0.605469
0.329,1.469727,-0.410156
0.33,1.459961,-0.15625
0.331,1.445313,0.083008
0.332,1.425781,0.34668
0.333,1.416016,0.59082
0.334,1.401367,0.844727
0.335,1.386719,1.079102
0.336,1.37207,1.323242
0.337,1.362305,1.552735
0.338,1.347656,1.782227
0.339,1.342774,1.953125
0.34,1.352539,2.026367
0.341,1.391602,2.094727
0.342,1.450195,2.177735
0.343,1.52832,2.270508
0.344,1.625977,2.368164
0.345,1.71875,2.475586
0.346,1.831055,2.587891
0.347,1.948242,2.709961
0.348,2.055664,2.822266
0.349,2.172852,2.934571
0.35,2.285156,3.041992
0.351,2.382813,3.144532
0.352,2.480469,3.237305
0.353,2.573242,3.320313
0.354,2.651367,3.388672
0.355,2.72461,3.461914
0.356,2.783203,3.520508
0.357,2.836914,3.559571
0.358,2.871094,3.588868
0.359,2.900391,3.608399
0.36,2.919922,3.608399
0.361,2.924805,3.603516
0.362,2.919922,3.574219
0.363,2.900391,3.515625
0.364,2.875977,3.427735
0.365,2.841797,3.310547
0.366,2.8125,3.15918
0.367,2.783203,2.998047
0.368,2.753907,2.832032
0.369,2.72461,2.65625
0.37,2.700196,2.465821
0.371,2.670899,2.265625
0.372,2.641602,2.060547
0.373,2.617188,1.826172
0.374,2.587891,1.611328
0.375,2.563477,1.367188
0.376,2.53418,1.118164
0.377,2.514649,0.878906
0.378,2.480469,0.644531
0.379,2.460938,0.390625
0.38,2.431641,0.146484
0.381,2.41211,-0.107422
0.382,2.382813,-0.351563
0.383,2.358399,-0.585938
0.384,2.338867,-0.683594
0.385,2.314453,-0.737305
0.386,2.290039,-0.771484
0.387,2.265625,-0.805664
0.388,2.246094,-0.820313
0.389,2.22168,-0.839844
0.39,2.202149,-0.869141
0.391,2.172852,-0.878906
0.392,2.158203,-0.898438
0.393,2.128906,-0.913086
0.394,2.109375,-0.927734
0.395,2.084961,-0.9375
0.396,2.070313,-0.952149
0.397,2.045899,-0.952149
0.398,2.026367,-0.97168
0.399,2.001953,-0.976563
0.4,1.982422,-0.986328
0.401,1.962891,-0.991211
0.402,1.94336,-0.996094
0.403,1.923828,-0.996094
0.404,1.904297,-1.005859
0.405,1.879883,-1.000977
0.406,1.860352,-0.996094
0.407,1.840821,-1.000977
0.408,1.821289,-1.000977
0.409,1.801758,-0.996094
0.41,1.78711,-0.991211
0.411,1.767578,-0.986328
0.412,1.748047,-0.986328
0.413,1.728516,-0.97168
0.414,1.713867,-0.961914
0.415,1.694336,-0.952149
0.416,1.674805,-0.942383
0.417,1.660156,-0.927734
0.418,1.640625,-0.917969
0.419,1.63086,-0.908203
0.42,1.611328,-0.888672
0.421,1.59668,-0.869141
0.422,1.577149,-0.849609
0.423,1.5625,-0.830078
0.424,1.542969,-0.800781
0.425,1.533203,-0.776367
0.426,1.513672,-0.742188
0.427,1.503906,-0.698242
0.428,1.489258,-0.605469
0.429,1.469727,-0.400391
0.43,1.459961,-0.151367
0.431,1.44043,0.087891
0.432,1.430664,0.34668
0.433,1.411133,0.59082
0.434,1.401367,0.834961
0.435,1.386719,1.083984
0.436,1.376953,1.328125
0.437,1.362305,1.5625
0.438,1.352539,1.782227
0.439,1.337891,1.953125
0.44,1.352539,2.026367
0.441,1.386719,2.09961
0.442,1.445313,2.177735
0.443,1.52832,2.265625
0.444,1.621094,2.368164
0.445,1.723633,2.480469
0.446,1.831055,2.592774
0.447,1.948242,2.695313
0.448,2.055664,2.822266
0.449,2.172852,2.929688
0.45,2.280274,3.041992
0.451,2.392578,3.139649
0.452,2.480469,3.237305
0.453,2.573242,3.320313
0.454,2.65625,3.398438
0.455,2.72461,3.461914
0.456,2.788086,3.520508
0.457,2.832032,3.559571
0.458,2.875977,3.59375
0.459,2.905274,3.608399
0.46,2.919922,3.613282
0.461,2.924805,3.598633
0.462,2.919922,3.554688
0.463,2.905274,3.510743
0.464,2.875977,3.427735
0.465,2.84668,3.310547
0.466,2.8125,3.164063
0.467,2.783203,3.007813
0.468,2.758789,2.836914
0.469,2.729492,2.651367
0.47,2.700196,2.460938
0.471,2.670899,2.260742
0.472,2.641602,2.055664
0.473,2.617188,1.831055
0.474,2.592774,1.606445
0.475,2.563477,1.367188
0.476,2.539063,1.12793
0.477,2.509766,0.878906
0.478,2.485352,0.644531
0.479,2.456055,0.390625
0.48,2.436524,0.141602
0.481,2.407227,-0.112305
0.482,2.387696,-0.356445
0.483,2.363281,-0.581055
0.484,2.338867,-0.688477
0.485,2.314453,-0.737305
0.486,2.290039,-0.776367
0.487,2.270508,-0.795899
0.488,2.246094,-0.825195
0.489,2.22168,-0.844727
0.49,2.197266,-0.864258
0.491,2.177735,-0.883789
0.492,2.153321,-0.898438
0.493,2.133789,-0.917969
0.494,2.109375,-0.927734
0.495,2.089844,-0.942383
0.496,2.070313,-0.961914
0.497,2.050781,-0.961914
0.498,2.026367,-0.966797
0.499,2.006836,-0.976563
0.5,1.982422,-0.981445
0.501,1.962891,-0.991211
0.502,1.94336,-0.996094
0.503,1.923828,-1.005859
0.504,1.904297,-1.000977
0.505,1.879883,-1.005859
0.506,1.860352,-1.000977
0.507,1.840821,-1.000977
0.508,1.826172,-0.996094
0.509,1.801758,-0.996094
0.51,1.78711,-0.991211
0.511,1.767578,-0.986328
0.512,1.75293,-0.981445
0.513,1.728516,-0.97168
0.514,1.713867,-0.961914
0.515,1.694336,-0.952149
0.516,1.674805,-0.942383
0.517,1.660156,-0.927734
0.518,1.645508,-0.917969
0.519,1.625977,-0.898438
0.52,1.611328,-0.888672
0.521,1.591797,-0.869141
0.522,1.577149,-0.859375
0.523,1.557617,-0.830078
0.524,1.542969,-0.805664
0.525,1.52832,-0.776367
0.526,1.513672,-0.74707
0.527,1.503906,-0.698242
0.528,1.489258,-0.605469
0.529,1.47461,-0.410156
0.53,1.455078,-0.151367
0.531,1.445313,0.083008
0.532,1.430664,0.341797
0.533,1.416016,0.595703
0.534,1.401367,0.834961
0.535,1.386719,1.079102
0.536,1.37207,1.323242
0.537,1.362305,1.5625
0.538,1.347656,1.777344
0.539,1.342774,1.953125
0.54,1.347656,2.03125
0.541,1.391602,2.09961
0.542,1.450195,2.177735
0.543,1.52832,2.270508
0.544,1.621094,2.368164
0.545,1.723633,2.475586
0.546,1.831055,2.578125
0.547,1.94336,2.705078
0.548,2.060547,2.817383
0.549,2.167969,2.934571
0.55,2.280274,3.041992
0.551,2.382813,3.144532
0.552,2.485352,3.237305
0.553,2.573242,3.320313
0.554,2.65625,3.393555
0.555,2.719727,3.466797
0.556,2.783203,3.515625
0.557,2.832032,3.559571
0.558,2.875977,3.588868
0.559,2.905274,3.613282
0.56,2.924805,3.608399
0.561,2.924805,3.598633
0.562,2.915039,3.569336
0.563,2.900391,3.515625
0.564,2.871094,3.422852
0.565,2.841797,3.305664
0.566,2.817383,3.15918
0.567,2.783203,3.00293
0.568,2.753907,2.832032
0.569,2.729492,2.65625
0.57,2.700196,2.460938
0.571,2.666016,2.265625
0.572,2.646485,2.050781
0.573,2.617188,1.831055
0.574,2.592774,1.601563
0.575,2.563477,1.367188
0.576,2.539063,1.118164
0.577,2.509766,0.883789
0.578,2.485352,0.639649
0.579,2.456055,0.390625
0.58,2.436524,0.136719
0.581,2.41211,-0.107422
0.582,2.387696,-0.361328
0.583,2.363281,-0.585938
0.584,2.338867,-0.683594
0.585,2.314453,-0.732422
0.586,2.290039,-0.771484
0.587,2.270508,-0.795899
0.588,2.246094,-0.825195
0.589,2.22168,-0.839844
0.59,2.202149,-0.859375
0.591,2.177735,-0.878906
0.592,2.153321,-0.898438
0.593,2.133789,-0.913086
0.594,2.114258,-0.927734
0.595,2.089844,-0.932617
0.596,2.070313,-0.947266
0.597,2.045899,-0.961914
0.598,2.026367,-0.97168
0.599,2.001953,-0.976563
0.6,1.982422,-0.986328
0.601,1.958008,-0.991211
0.602,1.94336,-0.996094
0.603,1.918946,-1.000977
0.604,1.904297,-1.000977
0.605,1.879883,-0.996094
0.606,1.865235,-1.000977
0.607,1.840821,-1.000977
0.608,1.821289,-1.000977
0.609,1.801758,-0.996094
0.61,1.78711,-0.991211
0.611,1.767578,-0.981445
0.612,1.748047,-0.97168
0.613,1.728516,-0.961914
0.614,1.708985,-0.961914
0.615,1.689453,-0.947266
0.616,1.679688,-0.942383
0.617,1.660156,-0.927734
0.618,1.645508,-0.913086
0.619,1.625977,-0.898438
0.62,1.611328,-0.883789
0.621,1.591797,-0.869141
0.622,1.577149,-0.849609
0.623,1.5625,-0.830078
0.624,1.547852,-0.805664
0.625,1.533203,-0.771484
0.626,1.513672,-0.74707
0.627,1.499024,-0.698242
0.628,1.489258,-0.610352
0.629,1.469727,-0.405273
0.63,1.459961,-0.166016
0.631,1.445313,0.097656
0.632,1.430664,0.351563
0.633,1.416016,0.59082
0.634,1.401367,0.839844
0.635,1.386719,1.088867
0.636,1.376953,1.323242
0.637,1.357422,1.5625
0.638,1.347656,1.78711
0.639,1.333008,1.953125
0.64,1.352539,2.026367
0.641,1.386719,2.094727
0.642,1.450195,2.177735
0.643,1.52832,2.270508
0.644,1.621094,2.368164
0.645,1.71875,2.480469
0.646,1.831055,2.587891
0.647,1.94336,2.705078
0.648,2.060547,2.817383
0.649,2.172852,2.934571
0.65,2.280274,3.03711
0.651,2.382813,3.144532
0.652,2.485352,3.232422
0.653,2.573242,3.310547
0.654,2.65625,3.393555
0.655,2.719727,3.452149
0.656,2.783203,3.515625
0.657,2.832032,3.559571
0.658,2.871094,3.588868
0.659,2.905274,3.603516
0.66,2.919922,3.613282
0.661,2.924805,3.598633
0.662,2.915039,3.564453
0.663,2.900391,3.510743
0.664,2.871094,3.4375
0.665,2.84668,3.305664
0.666,2.8125,3.164063
0.667,2.783203,2.998047
0.668,2.753907,2.836914
0.669,2.729492,2.651367
0.67,2.700196,2.465821
0.671,2.670899,2.265625
0.672,2.646485,2.055664
0.673,2.617188,1.831055
0.674,2.587891,1.611328
0.675,2.563477,1.37207
0.676,2.539063,1.118164
0.677,2.509766,0.883789
0.678,2.485352,0.634766
0.679,2.456055,0.390625
0.68,2.436524,0.141602
0.681,2.407227,-0.107422
0.682,2.387696,-0.361328
0.683,2.358399,-0.585938
0.684,2.338867,-0.683594
0.685,2.314453,-0.732422
0.686,2.290039,-0.771484
0.687,2.265625,-0.795899
0.688,2.246094,-0.820313
0.689,2.22168,-0.839844
0.69,2.197266,-0.869141
0.691,2.172852,-0.883789
0.692,2.153321,-0.898438
0.693,2.133789,-0.913086
0.694,2.109375,-0.927734
0.695,2.089844,-0.942383
0.696,2.06543,-0.957031
0.697,2.045899,-0.961914
0.698,2.026367,-0.966797
0.699,2.006836,-0.981445
0.7,1.982422,-0.981445
0.701,1.962891,-0.991211
0.702,1.94336,-0.991211
0.703,1.923828,-0.996094
0.704,1.904297,-0.996094
0.705,1.884766,-1.005859
0.706,1.865235,-1.000977
0.707,1.840821,-1.000977
0.708,1.821289,-0.996094
0.709,1.806641,-0.996094
0.71,1.782227,-0.991211
0.711,1.767578,-0.986328
0.712,1.748047,-0.981445
0.713,1.733399,-0.97168
0.714,1.713867,-0.961914
0.715,1.694336,-0.952149
0.716,1.674805,-0.942383
0.717,1.660156,-0.927734
0.718,1.640625,-0.913086
0.719,1.625977,-0.90332
0.72,1.606445,-0.898438
0.721,1.591797,-0.864258
0.722,1.577149,-0.839844
0.723,1.557617,-0.830078
0.724,1.542969,-0.805664
0.725,1.52832,-0.776367
0.726,1.513672,-0.742188
0.727,1.499024,-0.698242
0.728,1.484375,-0.605469
0.729,1.47461,-0.405273
0.73,1.455078,-0.15625
0.731,1.44043,0.092773
0.732,1.425781,0.341797
0.733,1.416016,0.59082
0.734,1.396485,0.839844
0.735,1.386719,1.079102
0.736,1.376953,1.323242
0.737,1.357422,1.557617
0.738,1.347656,1.791992
0.739,1.337891,1.958008
0.74,1.352539,2.03125
0.741,1.386719,2.09961
0.742,1.445313,2.177735
0.743,1.52832,2.265625
0.744,1.621094,2.368164
0.745,1.723633,2.485352
0.746,1.831055,2.587891
0.747,1.94336,2.705078
0.748,2.055664,2.817383
0.749,2.167969,2.929688
0.75,2.280274,3.03711
0.751,2.382813,3.139649
0.752,2.485352,3.232422
0.753,2.573242,3.325196
0.754,2.65625,3.403321
0.755,2.72461,3.461914
0.756,2.788086,3.515625
0.757,2.832032,3.559571
0.758,2.875977,3.583985
0.759,2.905274,3.608399
0.76,2.924805,3.608399
0.761,2.924805,3.598633
0.762,2.919922,3.564453
0.763,2.900391,3.515625
0.764,2.875977,3.413086
0.765,2.84668,3.305664
0.766,2.817383,3.164063
0.767,2.783203,3.00293
0.768,2.758789,2.832032
0.769,2.72461,2.65625
0.77,2.700196,2.460938
0.771,2.670899,2.270508
0.772,2.646485,2.055664
0.773,2.617188,1.835938
0.774,2.592774,1.601563
0.775,2.563477,1.37207
0.776,2.539063,1.12793
0.777,2.509766,0.888672
0.778,2.485352,0.644531
0.779,2.460938,0.380859
0.78,2.436524,0.141602
0.781,2.407227,-0.102539
0.782,2.387696,-0.361328
0.783,2.363281,-0.576172
0.784,2.338867,-0.688477
0.785,2.309571,-0.732422
0.786,2.294922,-0.771484
0.787,2.265625,-0.795899
0.788,2.250977,-0.825195
0.789,2.22168,-0.844727
0.79,2.202149,-0.864258
0.791,2.177735,-0.883789
0.792,2.158203,-0.898438
0.793,2.128906,-0.913086
0.794,2.109375,-0.927734
0.795,2.089844,-0.942383
0.796,2.06543,-0.952149
0.797,2.045899,-0.961914
0.798,2.026367,-0.966797
0.799,2.006836,-0.976563
0.8,1.982422,-0.981445
0.801,1.962891,-0.991211
0.802,1.94336,-0.996094
0.803,1.923828,-1.000977
0.804,1.899414,-1.000977
0.805,1.884766,-1.005859
0.806,1.860352,-1.005859
0.807,1.845703,-1.005859
0.808,1.821289,-0.996094
0.809,1.801758,-0.996094
0.81,1.782227,-0.991211
0.811,1.767578,-0.986328
0.812,1.748047,-0.976563
0.813,1.733399,-0.97168
0.814,1.713867,-0.961914
0.815,1.694336,-0.957031
0.816,1.679688,-0.942383
0.817,1.660156,-0.932617
0.818,1.640625,-0.913086
0.819,1.625977,-0.898438
0.82,1.611328,-0.888672
0.821,1.59668,-0.864258
0.822,1.582031,-0.854492
0.823,1.557617,-0.825195
0.824,1.547852,-0.805664
0.825,1.52832,-0.771484
0.826,1.518555,-0.742188
0.827,1.499024,-0.698242
0.828,1.489258,-0.610352
0.829,1.469727,-0.410156
0.83,1.459961,-0.15625
0.831,1.44043,0.092773
0.832,1.430664,0.341797
0.833,1.411133,0.59082
0.834,1.401367,0.849609
0.835,1.386719,1.083984
0.836,1.376953,1.31836
0.837,1.362305,1.5625
0.838,1.347656,1.782227
0.839,1.337891,1.938477
0.84,1.347656,2.03125
0.841,1.386719,2.094727
0.842,1.450195,2.177735
0.843,1.52832,2.265625
0.844,1.621094,2.368164
0.845,1.723633,2.465821
0.846,1.831055,2.583008
0.847,1.94336,2.705078
0.848,2.055664,2.822266
0.849,2.172852,2.929688
0.85,2.280274,3.041992
0.851,2.387696,3.139649
0.852,2.485352,3.237305
0.853,2.578125,3.320313
0.854,2.651367,3.403321
0.855,2.72461,3.461914
0.856,2.783203,3.520508
0.857,2.836914,3.559571
0.858,2.875977,3.59375
0.859,2.905274,3.608399
0.86,2.919922,3.608399
0.861,2.924805,3.59375
0.862,2.915039,3.569336
0.863,2.900391,3.510743
0.864,2.871094,3.427735
0.865,2.84668,3.305664
0.866,2.8125,3.164063
0.867,2.783203,3.00293
0.868,2.753907,2.832032
0.869,2.72461,2.651367
0.87,2.700196,2.465821
0.871,2.666016,2.260742
0.872,2.646485,2.045899
0.873,2.617188,1.831055
0.874,2.587891,1.601563
0.875,2.563477,1.37207
0.876,2.539063,1.123047
0.877,2.509766,0.888672
0.878,2.485352,0.634766
0.879,2.460938,0.390625
0.88,2.436524,0.136719
0.881,2.407227,-0.107422
0.882,2.387696,-0.356445
0.883,2.363281,-0.576172
0.884,2.338867,-0.683594
0.885,2.314453,-0.732422
0.886,2.290039,-0.771484
0.887,2.265625,-0.795899
0.888,2.246094,-0.825195
0.889,2.22168,-0.844727
0.89,2.202149,-0.864258
0.891,2.177735,-0.883789
0.892,2.153321,-0.898438
0.893,2.133789,-0.913086
0.894,2.109375,-0.927734
0.895,2.089844,-0.9375
0.896,2.06543,-0.947266
0.897,2.045899,-0.961914
0.898,2.026367,-0.97168
0.899,2.006836,-0.981445
0.9,1.982422,-0.981445
0.901,1.962891,-0.991211
0.902,1.938477,-0.991211
0.903,1.923828,-1.000977
0.904,1.904297,-1.000977
0.905,1.884766,-1.000977
0.906,1.865235,-0.996094
0.907,1.840821,-1.005859
0.908,1.821289,-0.996094
0.909,1.801758,-0.996094
0.91,1.782227,-0.986328
0.911,1.767578,-0.986328
0.912,1.748047,-0.976563
0.913,1.733399,-0.97168
0.914,1.708985,-0.966797
0.915,1.694336,-0.952149
0.916,1.674805,-0.942383
0.917,1.660156,-0.927734
0.918,1.640625,-0.913086
0.919,1.625977,-0.90332
0.92,1.606445,-0.883789
0.921,1.59668,-0.869141
0.922,1.577149,-0.844727
0.923,1.5625,-0.830078
0.924,1.542969,-0.800781
0.925,1.533203,-0.776367
0.926,1.513672,-0.742188
0.927,1.499024,-0.698242
0.928,1.484375,-0.610352
0.929,1.47461,-0.405273
0.93,1.455078,-0.166016
0.931,1.445313,0.097656
0.932,1.430664,0.341797
0.933,1.416016,0.59082
0.934,1.401367,0.844727
0.935,1.391602,1.079102
0.936,1.37207,1.328125
0.937,1.362305,1.552735
0.938,1.347656,1.78711
0.939,1.342774,1.953125
0.94,1.347656,2.03125
0.941,1.386719,2.094727
0.942,1.445313,2.177735
0.943,1.52832,2.265625
0.944,1.621094,2.368164
0.945,1.71875,2.470703
0.946,1.831055,2.592774
0.947,1.948242,2.700196
0.948,2.055664,2.822266
0.949,2.172852,2.934571
0.95,2.280274,3.03711
0.951,2.382813,3.139649
0.952,2.480469,3.237305
0.953,2.573242,3.320313
0.954,2.651367,3.398438
0.955,2.72461,3.457032
0.956,2.783203,3.515625
0.957,2.832032,3.554688
0.958,2.871094,3.588868
0.959,2.905274,3.603516
0.96,2.915039,3.613282
0.961,2.924805,3.59375
0.962,2.915039,3.569336
0.963,2.900391,3.510743
0.964,2.875977,3.432618
0.965,2.84668,3.300782
0.966,2.8125,3.164063
0.967,2.788086,3.00293
0.968,2.753907,2.832032
0.969,2.72461,2.651367
0.97,2.695313,2.465821
0.971,2.675782,2.260742
0.972,2.646485,2.050781
0.973,2.622071,1.831055
0.974,2.587891,1.611328
0.975,2.563477,1.362305
0.976,2.53418,1.123047
0.977,2.514649,0.883789
0.978,2.480469,0.644531
0.979,2.460938,0.380859
0.98,2.431641,0.146484
0.981,2.41211,-0.102539
0.982,2.382813,-0.361328
0.983,2.363281,-0.581055
0.984,2.338867,-0.683594
0.985,2.314453,-0.737305
0.986,2.290039,-0.771484
0.987,2.265625,-0.800781
0.988,2.241211,-0.820313
0.989,2.22168,-0.849609
0.99,2.197266,-0.869141
0.991,2.177735,-0.883789
0.992,2.153321,-0.898438
0.993,2.133789,-0.917969
0.994,2.109375,-0.927734
0.995,2.089844,-0.9375
0.996,2.06543,-0.947266
0.997,2.045899,-0.957031
0.998,2.026367,-0.97168
0.999,2.001953,-0.976563
1,1.982422,-0.986328
1.001,1.962891,-0.996094
1.002,1.94336,-0.996094
1.003,1.918946,-0.996094
1.004,1.899414,-1.000977
1.005,1.879883,-1.000977
1.006,1.860352,-1.000977
1.007,1.840821,-1.000977
1.008,1.821289,-0.996094
1.009,1.801758,-0.996094
1.01,1.782227,-0.991211
1.011,1.762695,-0.981445
1.012,1.748047,-0.981445
1.013,1.728516,-0.97168
1.014,1.713867,-0.97168
1.015,1.694336,-0.952149
1.016,1.679688,-0.947266
1.017,1.660156,-0.927734
1.018,1.645508,-0.913086
1.019,1.625977,-0.898438
1.02,1.611328,-0.888672
1.021,1.591797,-0.864258
1.022,1.582031,-0.854492
1.023,1.557617,-0.825195
1.024,1.552735,-0.805664
1.025,1.52832,-0.776367
1.026,1.513672,-0.742188
1.027,1.499024,-0.698242
1.028,1.484375,-0.615234
1.029,1.469727,-0.405273
1.03,1.455078,-0.151367
1.031,1.445313,0.092773
1.032,1.425781,0.341797
1.033,1.416016,0.595703
1.034,1.401367,0.844727
1.035,1.386719,1.083984
1.036,1.37207,1.328125
1.037,1.357422,1.552735
1.038,1.347656,1.791992
1.039,1.337891,1.953125
1.04,1.352539,2.026367
1.041,1.386719,2.09961
1.042,1.450195,2.177735
1.043,1.52832,2.265625
1.044,1.621094,2.373047
1.045,1.723633,2.475586
1.046,1.831055,2.592774
1.047,1.94336,2.705078
1.048,2.055664,2.817383
1.049,2.177735,2.929688
1.05,2.280274,3.03711
1.051,2.387696,3.139649
1.052,2.480469,3.237305
1.053,2.573242,3.320313
1.054,2.651367,3.393555
1.055,2.729492,3.457032
1.056,2.783203,3.515625
1.057,2.836914,3.559571
1.058,2.871094,3.583985
1.059,2.905274,3.608399
1.06,2.919922,3.613282
1.061,2.924805,3.59375
1.062,2.915039,3.564453
1.063,2.900391,3.510743
1.064,2.871094,3.432618
1.065,2.84668,3.300782
1.066,2.8125,3.164063
1.067,2.783203,2.998047
1.068,2.753907,2.832032
1.069,2.729492,2.646485
1.07,2.700196,2.460938
1.071,2.670899,2.260742
1.072,2.641602,2.055664
1.073,2.617188,1.840821
1.074,2.587891,1.606445
1.075,2.563477,1.367188
1.076,2.539063,1.12793
1.077,2.514649,0.888672
1.078,2.485352,0.639649
1.079,2.460938,0.385742
1.08,2.431641,0.151367
1.081,2.407227,-0.107422
1.082,2.382813,-0.356445
1.083,2.358399,-0.576172
1.084,2.338867,-0.683594
1.085,2.314453,-0.732422
1.086,2.294922,-0.766602
1.087,2.265625,-0.795899
1.088,2.246094,-0.820313
1.089,2.22168,-0.839844
1.09,2.202149,-0.864258
1.091,2.177735,-0.878906
1.092,2.158203,-0.90332
1.093,2.133789,-0.913086
1.094,2.114258,-0.927734
1.095,2.089844,-0.9375
1.096,2.06543,-0.952149
1.097,2.045899,-0.961914
1.098,2.026367,-0.966797
1.099,2.001953,-0.976563
1.1,1.982422,-0.986328
1.101,1.962891,-0.991211
1.102,1.94336,-0.996094
1.103,1.918946,-1.000977
1.104,1.899414,-1.000977
1.105,1.879883,-1.000977
1.106,1.860352,-1.005859
1.107,1.835938,-1.000977
1.108,1.821289,-1.000977
1.109,1.801758,-0.996094
1.11,1.78711,-0.996094
1.111,1.767578,-0.986328
1.112,1.743164,-0.976563
1.113,1.728516,-0.97168
1.114,1.708985,-0.976563
1.115,1.699219,-0.952149
1.116,1.674805,-0.942383
1.117,1.660156,-0.927734
1.118,1.640625,-0.908203
1.119,1.625977,-0.898438
1.12,1.606445,-0.883789
1.121,1.591797,-0.869141
1.122,1.577149,-0.849609
1.123,1.557617,-0.830078
1.124,1.542969,-0.800781
1.125,1.52832,-0.776367
1.126,1.513672,-0.742188
1.127,1.499024,-0.698242
1.128,1.484375,-0.610352
1.129,1.469727,-0.410156
1.13,1.455078,-0.161133
1.131,1.445313,0.087891
1.132,1.425781,0.351563
1.133,1.416016,0.59082
1.134,1.401367,0.839844
1.135,1.386719,1.083984
1.136,1.37207,1.323242
1.137,1.362305,1.552735
1.138,1.347656,1.78711
1.139,1.342774,1.948242
1.14,1.347656,2.03125
1.141,1.391602,2.09961
1.142,1.450195,2.177735
1.143,1.52832,2.265625
1.144,1.621094,2.368164
1.145,1.723633,2.475586
1.146,1.835938,2.592774
1.147,1.948242,2.705078
1.148,2.060547,2.817383
1.149,2.172852,2.934571
1.15,2.275391,3.041992
1.151,2.382813,3.139649
1.152,2.480469,3.232422
1.153,2.573242,3.320313
1.154,2.65625,3.393555
1.155,2.72461,3.461914
1.156,2.788086,3.515625
1.157,2.832032,3.559571
1.158,2.875977,3.588868
1.159,2.900391,3.608399
1.16,2.919922,3.608399
1.161,2.924805,3.598633
1.162,2.924805,3.564453
1.163,2.895508,3.515625
1.164,2.875977,3.427735
1.165,2.841797,3.310547
1.166,2.817383,3.168946
1.167,2.783203,3.00293
1.168,2.758789,2.841797
1.169,2.72461,2.651367
1.17,2.700196,2.460938
1.171,2.670899,2.270508
1.172,2.646485,2.050781
1.173,2.617188,1.835938
1.174,2.592774,1.601563
1.175,2.563477,1.367188
1.176,2.543946,1.12793
1.177,2.509766,0.878906
1.178,2.480469,0.639649
1.179,2.456055,0.390625
1.18,2.436524,0.136719
1.181,2.41211,-0.126953
1.182,2.387696,-0.356445
1.183,2.363281,-0.581055
1.184,2.338867,-0.683594
1.185,2.314453,-0.732422
1.186,2.290039,-0.771484
1.187,2.270508,-0.795899
1.188,2.246094,-0.825195
1.189,2.22168,-0.844727
1.19,2.197266,-0.864258
1.191,2.177735,-0.878906
1.192,2.153321,-0.898438
1.193,2.128906,-0.913086
1.194,2.114258,-0.927734
1.195,2.089844,-0.942383
1.196,2.070313,-0.952149
1.197,2.045899,-0.957031
1.198,2.026367,-0.966797
1.199,2.001953,-0.976563
1.2,1.987305,-0.986328
1.201,1.962891,-0.986328
1.202,1.94336,-0.996094
1.203,1.923828,-0.996094
1.204,1.904297,-1.000977
1.205,1.879883,-1.000977
1.206,1.865235,-1.000977
1.207,1.840821,-0.996094
1.208,1.826172,-0.996094
1.209,1.801758,-0.996094
1.21,1.782227,-0.991211
1.211,1.767578,-0.986328
1.212,1.748047,-0.981445
1.213,1.728516,-0.966797
1.214,1.713867,-0.961914
1.215,1.689453,-0.947266
1.216,1.679688,-0.942383
1.217,1.655274,-0.927734
1.218,1.640625,-0.913086
1.219,1.625977,-0.90332
1.22,1.611328,-0.888672
1.221,1.591797,-0.864258
1.222,1.582031,-0.839844
1.223,1.5625,-0.820313
1.224,1.547852,-0.805664
1.225,1.52832,-0.776367
1.226,1.513672,-0.742188
1.227,1.499024,-0.698242
1.228,1.489258,-0.605469
1.229,1.469727,-0.410156
1.23,1.459961,-0.166016
1.231,1.44043,0.097656
1.232,1.430664,0.34668
1.233,1.411133,0.595703
1.234,1.401367,0.839844
1.235,1.386719,1.083984
1.236,1.376953,1.328125
1.237,1.362305,1.572266
1.238,1.352539,1.791992
1.239,1.337891,1.962891
1.24,1.352539,2.026367
1.241,1.386719,2.09961
1.242,1.450195,2.172852
1.243,1.523438,2.270508
1.244,1.621094,2.363281
1.245,1.71875,2.475586
1.246,1.835938,2.587891
1.247,1.94336,2.705078
1.248,2.060547,2.817383
1.249,2.172852,2.934571
1.25,2.280274,3.041992
1.251,2.382813,3.144532
1.252,2.485352,3.232422
1.253,2.573242,3.320313
1.254,2.65625,3.398438
1.255,2.719727,3.466797
1.256,2.783203,3.525391
1.257,2.832032,3.559571
1.258,2.875977,3.588868
1.259,2.900391,3.608399
1.26,2.919922,3.608399
1.261,2.919922,3.598633
1.262,2.915039,3.554688
1.263,2.900391,3.50586
1.264,2.871094,3.427735
1.265,2.84668,3.305664
1.266,2.8125,3.15918
1.267,2.788086,3.007813
1.268,2.753907,2.836914
1.269,2.729492,2.651367
1.27,2.695313,2.465821
1.271,2.670899,2.260742
1.272,2.641602,2.055664
1.273,2.617188,1.831055
1.274,2.587891,1.611328
1.275,2.563477,1.37207
1.276,2.53418,1.132813
1.277,2.509766,0.883789
1.278,2.480469,0.639649
1.279,2.460938,0.385742
1.28,2.431641,0.141602
1.281,2.41211,-0.117188
1.282,2.382813,-0.356445
1.283,2.363281,-0.585938
1.284,2.338867,-0.683594
1.285,2.319336,-0.737305
1.286,2.290039,-0.766602
1.287,2.270508,-0.795899
1.288,2.241211,-0.820313
1.289,2.22168,-0.844727
1.29,2.197266,-0.864258
1.291,2.177735,-0.883789
1.292,2.153321,-0.898438
1.293,2.128906,-0.913086
1.294,2.109375,-0.927734
1.295,2.084961,-0.942383
1.296,2.06543,-0.947266
1.297,2.045899,-0.966797
1.298,2.026367,-0.976563
1.299,2.001953,-0.976563
1.3,1.987305,-0.986328
1.301,1.962891,-0.991211
1.302,1.94336,-0.996094
1.303,1.918946,-0.996094
1.304,1.904297,-0.991211
1.305,1.879883,-1.000977
1.306,1.865235,-1.005859
1.307,1.840821,-1.000977
1.308,1.821289,-0.996094
1.309,1.801758,-0.991211
1.31,1.782227,-0.991211
1.311,1.762695,-0.981445
1.312,1.748047,-0.981445
1.313,1.728516,-0.97168
1.314,1.713867,-0.961914
1.315,1.694336,-0.952149
1.316,1.679688,-0.942383
1.317,1.655274,-0.927734
1.318,1.640625,-0.917969
1.319,1.625977,-0.90332
1.32,1.606445,-0.883789
1.321,1.59668,-0.869141
1.322,1.577149,-0.849609
1.323,1.5625,-0.825195
1.324,1.542969,-0.800781
1.325,1.533203,-0.776367
1.326,1.513672,-0.742188
1.327,1.503906,-0.698242
1.328,1.484375,-0.600586
1.329,1.469727,-0.395508
1.33,1.455078,-0.15625
1.331,1.44043,0.087891
1.332,1.425781,0.341797
1.333,1.416016,0.595703
1.334,1.40625,0.839844
1.335,1.386719,1.083984
1.336,1.376953,1.328125
1.337,1.362305,1.557617
1.338,1.352539,1.78711
1.339,1.337891,1.958008
1.34,1.352539,2.03125
1.341,1.386719,2.09961
1.342,1.450195,2.177735
1.343,1.52832,2.265625
1.344,1.621094,2.363281
1.345,1.723633,2.480469
1.346,1.831055,2.592774
1.347,1.938477,2.705078
1.348,2.060547,2.817383
1.349,2.172852,2.929688
1.35,2.285156,3.03711
1.351,2.382813,3.144532
1.352,2.480469,3.232422
1.353,2.56836,3.320313
1.354,2.651367,3.398438
1.355,2.72461,3.461914
1.356,2.788086,3.515625
1.357,2.836914,3.559571
1.358,2.875977,3.588868
1.359,2.900391,3.613282
1.36,2.919922,3.613282
1.361,2.924805,3.598633
1.362,2.919922,3.564453
1.363,2.900391,3.510743
1.364,2.875977,3.427735
1.365,2.84668,3.300782
1.366,2.8125,3.164063
1.367,2.783203,3.00293
1.368,2.758789,2.836914
1.369,2.72461,2.65625
1.37,2.700196,2.460938
1.371,2.670899,2.265625
1.372,2.646485,2.055664
1.373,2.612305,1.835938
1.374,2.587891,1.59668
1.375,2.558594,1.367188
1.376,2.539063,1.12793
1.377,2.509766,0.893555
1.378,2.485352,0.634766
1.379,2.456055,0.390625
1.38,2.436524,0.141602
1.381,2.407227,-0.117188
1.382,2.382813,-0.356445
1.383,2.358399,-0.576172
1.384,2.338867,-0.683594
1.385,2.319336,-0.737305
1.386,2.290039,-0.771484
1.387,2.270508,-0.800781
1.388,2.246094,-0.820313
1.389,2.22168,-0.844727
1.39,2.197266,-0.864258
1.391,2.177735,-0.883789
1.392,2.153321,-0.898438
1.393,2.138672,-0.913086
1.394,2.109375,-0.922852
1.395,2.089844,-0.9375
1.396,2.06543,-0.947266
1.397,2.050781,-0.966797
1.398,2.021485,-0.97168
1.399,2.006836,-0.981445
1.4,1.982422,-0.986328
1.401,1.962891,-0.991211
1.402,1.94336,-0.991211
1.403,1.923828,-1.000977
1.404,1.899414,-1.005859
1.405,1.884766,-1.000977
1.406,1.860352,-1.000977
1.407,1.840821,-1.005859
1.408,1.816406,-1.000977
1.409,1.806641,-0.996094
1.41,1.78711,-0.996094
1.411,1.762695,-0.986328
1.412,1.748047,-0.976563
1.413,1.728516,-0.966797
1.414,1.713867,-0.976563
1.415,1.694336,-0.957031
1.416,1.679688,-0.942383
1.417,1.660156,-0.932617
1.418,1.645508,-0.917969
1.419,1.621094,-0.898438
1.42,1.611328,-0.883789
1.421,1.591797,-0.864258
1.422,1.577149,-0.849609
1.423,1.557617,-0.820313
1.424,1.547852,-0.805664
1.425,1.52832,-0.776367
1.426,1.518555,-0.742188
1.427,1.499024,-0.693359
1.428,1.489258,-0.605469
1.429,1.469727,-0.405273
1.43,1.455078,-0.151367
1.431,1.445313,0.097656
1.432,1.430664,0.34668
1.433,1.416016,0.585938
1.434,1.401367,0.844727
1.435,1.391602,1.083984
1.436,1.37207,1.328125
1.437,1.362305,1.557617
1.438,1.347656,1.791992
1.439,1.342774,1.948242
1.44,1.352539,2.026367
1.441,1.391602,2.094727
1.442,1.450195,2.177735
1.443,1.52832,2.265625
1.444,1.621094,2.363281
1.445,1.71875,2.470703
1.446,1.826172,2.587891
1.447,1.94336,2.705078
1.448,2.060547,2.8125
1.449,2.167969,2.939453
1.45,2.280274,3.03711
1.451,2.387696,3.139649
1.452,2.480469,3.232422
1.453,2.573242,3.334961
1.454,2.65625,3.403321
1.455,2.72461,3.461914
1.456,2.783203,3.515625
1.457,2.832032,3.559571
1.458,2.875977,3.588868
1.459,2.900391,3.608399
1.46,2.919922,3.613282
1.461,2.924805,3.603516
1.462,2.919922,3.554688
1.463,2.900391,3.510743
1.464,2.875977,3.427735
1.465,2.841797,3.305664
1.466,2.817383,3.154297
1.467,2.783203,3.00293
1.468,2.753907,2.832032
1.469,2.729492,2.646485
1.47,2.700196,2.465821
1.471,2.670899,2.260742
1.472,2.646485,2.060547
1.473,2.617188,1.835938
1.474,2.592774,1.606445
1.475,2.563477,1.376953
1.476,2.539063,1.12793
1.477,2.509766,0.878906
1.478,2.485352,0.639649
1.479,2.460938,0.390625
1.48,2.436524,0.141602
1.481,2.41211,-0.112305
1.482,2.387696,-0.356445
1.483,2.363281,-0.585938
1.484,2.333985,-0.683594
1.485,2.314453,-0.737305
1.486,2.290039,-0.771484
1.487,2.270508,-0.800781
1.488,2.246094,-0.820313
1.489,2.226563,-0.844727
1.49,2.197266,-0.864258
1.491,2.177735,-0.883789
1.492,2.153321,-0.898438
1.493,2.133789,-0.913086
1.494,2.109375,-0.927734
1.495,2.089844,-0.942383
1.496,2.06543,-0.952149
1.497,2.045899,-0.961914
1.498,2.026367,-0.966797
1.499,2.001953,-0.976563
1.5,1.977539,-0.981445
1.501,1.962891,-0.996094
1.502,1.94336,-0.991211
1.503,1.923828,-0.996094
1.504,1.904297,-0.991211
1.505,1.884766,-1.000977
1.506,1.860352,-0.996094
1.507,1.845703,-1.000977
1.508,1.821289,-0.996094
1.509,1.806641,-1.000977
1.51,1.78711,-0.991211
1.511,1.767578,-0.986328
1.512,1.743164,-0.976563
1.513,1.733399,-0.986328
1.514,1.708985,-0.961914
1.515,1.699219,-0.952149
1.516,1.674805,-0.9375
1.517,1.660156,-0.927734
1.518,1.640625,-0.917969
1.519,1.625977,-0.90332
1.52,1.606445,-0.883789
1.521,1.59668,-0.869141
1.522,1.577149,-0.839844
1.523,1.5625,-0.825195
1.524,1.547852,-0.805664
1.525,1.533203,-0.776367
1.526,1.513672,-0.742188
1.527,1.499024,-0.698242
1.528,1.484375,-0.610352
1.529,1.469727,-0.405273
1.53,1.459961,-0.166016
1.531,1.44043,0.087891
1.532,1.430664,0.341797
1.533,1.411133,0.59082
1.534,1.401367,0.839844
1.535,1.386719,1.074219
1.536,1.376953,1.323242
1.537,1.357422,1.567383
1.538,1.347656,1.78711
1.539,1.337891,1.962891
1.54,1.352539,2.03125
1.541,1.391602,2.094727
1.542,1.450195,2.172852
1.543,1.52832,2.265625
1.544,1.625977,2.368164
1.545,1.723633,2.475586
1.546,1.831055,2.597657
1.547,1.94336,2.700196
1.548,2.055664,2.817383
1.549,2.172852,2.929688
1.55,2.280274,3.03711
1.551,2.382813,3.144532
1.552,2.480469,3.232422
1.553,2.578125,3.320313
1.554,2.651367,3.398438
1.555,2.72461,3.466797
1.556,2.783203,3.515625
1.557,2.836914,3.554688
1.558,2.875977,3.59375
1.559,2.900391,3.608399
1.56,2.915039,3.613282
1.561,2.924805,3.59375
1.562,2.915039,3.569336
1.563,2.900391,3.510743
1.564,2.871094,3.413086
1.565,2.84668,3.310547
1.566,2.817383,3.164063
1.567,2.783203,3.00293
1.568,2.753907,2.841797
1.569,2.729492,2.651367
1.57,2.695313,2.465821
1.571,2.670899,2.260742
1.572,2.646485,2.050781
1.573,2.617188,1.831055
1.574,2.587891,1.606445
1.575,2.563477,1.367188
1.576,2.53418,1.132813
1.577,2.509766,0.883789
1.578,2.485352,0.634766
1.579,2.456055,0.390625
1.58,2.431641,0.141602
1.581,2.416992,-0.112305
1.582,2.387696,-0.356445
1.583,2.358399,-0.581055
1.584,2.338867,-0.683594
1.585,2.314453,-0.737305
1.586,2.290039,-0.766602
1.587,2.270508,-0.800781
1.588,2.246094,-0.830078
1.589,2.22168,-0.844727
1.59,2.197266,-0.864258
1.591,2.182617,-0.883789
1.592,2.153321,-0.898438
1.593,2.133789,-0.913086
1.594,2.109375,-0.932617
1.595,2.094727,-0.942383
1.596,2.070313,-0.952149
1.597,2.045899,-0.961914
1.598,2.021485,-0.97168
1.599,2.001953,-0.976563
1.6,1.982422,-0.986328
1.601,1.962891,-0.996094
1.602,1.94336,-0.996094
1.603,1.923828,-1.005859
1.604,1.904297,-0.991211
1.605,1.884766,-1.000977
1.606,1.865235,-1.005859
1.607,1.835938,-1.000977
1.608,1.826172,-1.000977
1.609,1.801758,-0.996094
1.61,1.78711,-0.991211
1.611,1.767578,-0.986328
1.612,1.748047,-0.976563
1.613,1.728516,-0.966797
1.614,1.713867,-0.957031
1.615,1.694336,-0.952149
1.616,1.679688,-0.942383
1.617,1.660156,-0.927734
1.618,1.645508,-0.917969
1.619,1.625977,-0.893555
1.62,1.611328,-0.883789
1.621,1.591797,-0.854492
1.622,1.577149,-0.849609
1.623,1.5625,-0.825195
1.624,1.542969,-0.805664
1.625,1.52832,-0.776367
1.626,1.518555,-0.742188
1.627,1.499024,-0.698242
1.628,1.484375,-0.605469
1.629,1.47461,-0.405273
1.63,1.455078,-0.161133
1.631,1.445313,0.087891
1.632,1.425781,0.341797
1.633,1.416016,0.59082
1.634,1.401367,0.844727
1.635,1.386719,1.088867
1.636,1.37207,1.328125
1.637,1.362305,1.567383
1.638,1.347656,1.791992
1.639,1.342774,1.953125
1.64,1.352539,2.03125
1.641,1.391602,2.094727
1.642,1.445313,2.177735
1.643,1.52832,2.265625
1.644,1.616211,2.368164
1.645,1.723633,2.475586
1.646,1.831055,2.592774
1.647,1.948242,2.709961
1.648,2.055664,2.822266
1.649,2.172852,2.929688
1.65,2.280274,3.041992
1.651,2.387696,3.139649
1.652,2.480469,3.242188
1.653,2.573242,3.320313
1.654,2.651367,3.398438
1.655,2.72461,3.461914
1.656,2.783203,3.515625
1.657,2.836914,3.559571
1.658,2.871094,3.588868
1.659,2.905274,3.608399
1.66,2.919922,3.613282
1.661,2.929688,3.59375
1.662,2.919922,3.564453
1.663,2.900391,3.50586
1.664,2.871094,3.427735
1.665,2.84668,3.320313
1.666,2.8125,3.164063
1.667,2.783203,3.00293
1.668,2.753907,2.832032
1.669,2.72461,2.646485
1.67,2.695313,2.460938
1.671,2.670899,2.265625
1.672,2.646485,2.050781
1.673,2.617188,1.835938
1.674,2.592774,1.601563
1.675,2.563477,1.367188
1.676,2.539063,1.12793
1.677,2.514649,0.883789
1.678,2.490235,0.639649
1.679,2.456055,0.390625
1.68,2.436524,0.141602
1.681,2.407227,-0.117188
1.682,2.387696,-0.356445
1.683,2.363281,-0.581055
1.684,2.338867,-0.683594
1.685,2.314453,-0.732422
1.686,2.290039,-0.771484
1.687,2.265625,-0.795899
1.688,2.246094,-0.825195
1.689,2.22168,-0.844727
1.69,2.197266,-0.864258
1.691,2.177735,-0.883789
1.692,2.158203,-0.898438
1.693,2.133789,-0.913086
1.694,2.109375,-0.927734
1.695,2.089844,-0.9375
1.696,2.070313,-0.952149
1.697,2.045899,-0.957031
1.698,2.026367,-0.976563
1.699,2.001953,-0.976563
1.7,1.987305,-0.986328
1.701,1.958008,-0.991211
1.702,1.94336,-0.996094
1.703,1.923828,-0.996094
1.704,1.899414,-1.000977
1.705,1.879883,-1.000977
1.706,1.860352,-1.000977
1.707,1.840821,-1.000977
1.708,1.821289,-1.000977
1.709,1.801758,-0.991211
1.71,1.78711,-0.996094
1.711,1.767578,-0.981445
1.712,1.748047,-0.981445
1.713,1.728516,-0.981445
1.714,1.708985,-0.966797
1.715,1.694336,-0.952149
1.716,1.679688,-0.947266
1.717,1.660156,-0.932617
1.718,1.645508,-0.917969
1.719,1.625977,-0.90332
1.72,1.606445,-0.883789
1.721,1.59668,-0.869141
1.722,1.577149,-0.849609
1.723,1.5625,-0.834961
1.724,1.542969,-0.805664
1.725,1.533203,-0.776367
1.726,1.513672,-0.742188
1.727,1.503906,-0.693359
1.728,1.489258,-0.605469
1.729,1.469727,-0.405273
1.73,1.455078,-0.146484
1.731,1.44043,0.092773
1.732,1.425781,0.336914
1.733,1.416016,0.59082
1.734,1.401367,0.834961
1.735,1.386719,1.088867
1.736,1.376953,1.323242
1.737,1.357422,1.567383
1.738,1.347656,1.791992
1.739,1.337891,1.958008
1.74,1.352539,2.026367
1.741,1.386719,2.09961
1.742,1.450195,2.172852
1.743,1.52832,2.265625
1.744,1.621094,2.368164
1.745,1.723633,2.475586
1.746,1.831055,2.587891
1.747,1.94336,2.714844
1.748,2.060547,2.8125
1.749,2.172852,2.934571
1.75,2.280274,3.03711
1.751,2.382813,3.144532
1.752,2.480469,3.237305
1.753,2.573242,3.325196
1.754,2.651367,3.393555
1.755,2.719727,3.461914
1.756,2.788086,3.515625
1.757,2.832032,3.559571
1.758,2.875977,3.588868
1.759,2.900391,3.603516
1.76,2.919922,3.608399
1.761,2.924805,3.598633
1.762,2.919922,3.559571
1.763,2.900391,3.515625
1.764,2.875977,3.422852
1.765,2.841797,3.305664
1.766,2.8125,3.164063
1.767,2.783203,3.00293
1.768,2.753907,2.832032
1.769,2.729492,2.666016
1.77,2.700196,2.456055
1.771,2.666016,2.265625
1.772,2.646485,2.050781
1.773,2.612305,1.826172
1.774,2.592774,1.601563
1.775,2.563477,1.37207
1.776,2.539063,1.123047
1.777,2.514649,0.883789
1.778,2.485352,0.639649
1.779,2.456055,0.390625
1.78,2.436524,0.141602
1.781,2.407227,-0.112305
1.782,2.382813,-0.366211
1.783,2.358399,-0.585938
1.784,2.338867,-0.683594
1.785,2.314453,-0.737305
1.786,2.290039,-0.771484
1.787,2.265625,-0.795899
1.788,2.241211,-0.825195
1.789,2.216797,-0.844727
1.79,2.197266,-0.864258
1.791,2.177735,-0.883789
1.792,2.158203,-0.898438
1.793,2.133789,-0.913086
1.794,2.109375,-0.927734
1.795,2.089844,-0.942383
1.796,2.06543,-0.947266
1.797,2.045899,-0.966797
1.798,2.026367,-0.966797
1.799,2.001953,-0.981445
1.8,1.987305,-0.986328
1.801,1.962891,-0.991211
1.802,1.938477,-0.996094
1.803,1.918946,-1.000977
1.804,1.899414,-1.000977
1.805,1.884766,-1.000977
1.806,1.860352,-1.000977
1.807,1.840821,-1.000977
1.808,1.821289,-1.000977
1.809,1.801758,-0.996094
1.81,1.78711,-0.991211
1.811,1.762695,-0.986328
1.812,1.748047,-0.981445
1.813,1.728516,-0.97168
1.814,1.713867,-0.961914
1.815,1.689453,-0.952149
1.816,1.674805,-0.942383
1.817,1.660156,-0.927734
1.818,1.645508,-0.917969
1.819,1.625977,-0.898438
1.82,1.611328,-0.888672
1.821,1.591797,-0.878906
1.822,1.577149,-0.849609
1.823,1.5625,-0.830078
1.824,1.547852,-0.805664
1.825,1.52832,-0.776367
1.826,1.518555,-0.74707
1.827,1.499024,-0.693359
1.828,1.484375,-0.615234
1.829,1.469727,-0.405273
1.83,1.459961,-0.161133
1.831,1.44043,0.087891
1.832,1.430664,0.341797
1.833,1.416016,0.59082
1.834,1.401367,0.839844
1.835,1.386719,1.069336
1.836,1.37207,1.323242
1.837,1.357422,1.5625
1.838,1.347656,1.767578
1.839,1.337891,1.958008
1.84,1.352539,2.026367
1.841,1.386719,2.094727
1.842,1.450195,2.172852
1.843,1.52832,2.265625
1.844,1.621094,2.368164
1.845,1.723633,2.475586
1.846,1.831055,2.587891
1.847,1.948242,2.705078
1.848,2.055664,2.817383
1.849,2.172852,2.934571
1.85,2.285156,3.041992
1.851,2.382813,3.144532
1.852,2.475586,3.237305
1.853,2.578125,3.320313
1.854,2.65625,3.393555
1.855,2.72461,3.452149
1.856,2.783203,3.510743
1.857,2.832032,3.559571
1.858,2.871094,3.588868
1.859,2.900391,3.608399
1.86,2.919922,3.608399
1.861,2.924805,3.598633
1.862,2.915039,3.569336
1.863,2.900391,3.515625
1.864,2.871094,3.422852
1.865,2.84668,3.305664
1.866,2.8125,3.168946
1.867,2.788086,3.00293
1.868,2.753907,2.836914
1.869,2.729492,2.651367
1.87,2.695313,2.460938
1.871,2.675782,2.270508
1.872,2.641602,2.060547
1.873,2.617188,1.831055
1.874,2.592774,1.601563
1.875,2.563477,1.367188
1.876,2.53418,1.12793
1.877,2.514649,0.883789
1.878,2.480469,0.639649
1.879,2.460938,0.385742
1.88,2.431641,0.141602
1.881,2.41211,-0.117188
1.882,2.382813,-0.366211
1.883,2.363281,-0.585938
1.884,2.333985,-0.688477
1.885,2.314453,-0.737305
1.886,2.290039,-0.766602
1.887,2.270508,-0.800781
1.888,2.246094,-0.825195
1.889,2.22168,-0.844727
1.89,2.197266,-0.864258
1.891,2.177735,-0.878906
1.892,2.153321,-0.898438
1.893,2.133789,-0.908203
1.894,2.114258,-0.927734
1.895,2.084961,-0.942383
1.896,2.070313,-0.952149
1.897,2.045899,-0.961914
1.898,2.026367,-0.97168
1.899,1.997071,-0.981445
1.9,1.987305,-0.986328
1.901,1.962891,-0.991211
1.902,1.94336,-0.996094
1.903,1.923828,-1.000977
1.904,1.899414,-1.000977
1.905,1.879883,-1.010742
1.906,1.860352,-1.000977
1.907,1.840821,-1.000977
1.908,1.821289,-1.000977
1.909,1.806641,-0.996094
1.91,1.782227,-0.991211
1.911,1.767578,-0.986328
1.912,1.748047,-0.976563
1.913,1.728516,-0.97168
1.914,1.708985,-0.976563
1.915,1.694336,-0.957031
1.916,1.674805,-0.942383
1.917,1.660156,-0.927734
1.918,1.640625,-0.917969
1.919,1.625977,-0.898438
1.92,1.606445,-0.888672
1.921,1.591797,-0.864258
1.922,1.577149,-0.849609
1.923,1.557617,-0.830078
1.924,1.547852,-0.800781
1.925,1.533203,-0.776367
1.926,1.518555,-0.742188
1.927,1.499024,-0.698242
1.928,1.484375,-0.610352
1.929,1.469727,-0.400391
1.93,1.459961,-0.15625
1.931,1.44043,0.097656
1.932,1.430664,0.341797
1.933,1.411133,0.59082
1.934,1.401367,0.834961
1.935,1.386719,1.083984
1.936,1.376953,1.328125
1.937,1.357422,1.557617
1.938,1.347656,1.777344
1.939,1.337891,1.953125
1.94,1.352539,2.026367
1.941,1.386719,2.09961
1.942,1.450195,2.172852
1.943,1.52832,2.265625
1.944,1.621094,2.368164
1.945,1.723633,2.475586
1.946,1.835938,2.587891
1.947,1.94336,2.69043
1.948,2.060547,2.817383
1.949,2.172852,2.929688
1.95,2.280274,3.041992
1.951,2.382813,3.144532
1.952,2.485352,3.237305
1.953,2.56836,3.325196
1.954,2.651367,3.398438
1.955,2.719727,3.466797
1.956,2.783203,3.520508
1.957,2.832032,3.559571
1.958,2.875977,3.588868
1.959,2.900391,3.608399
1.96,2.924805,3.613282
1.961,2.924805,3.603516
1.962,2.919922,3.569336
1.963,2.900391,3.510743
1.964,2.875977,3.427735
1.965,2.841797,3.305664
1.966,2.817383,3.164063
1.967,2.783203,3.007813
1.968,2.758789,2.832032
1.969,2.72461,2.651367
1.97,2.700196,2.456055
1.971,2.670899,2.260742
1.972,2.646485,2.050781
1.973,2.617188,1.835938
1.974,2.592774,1.606445
1.975,2.563477,1.376953
1.976,2.539063,1.118164
1.977,2.509766,0.883789
1.978,2.485352,0.634766
1.979,2.460938,0.395508
1.98,2.436524,0.141602
1.981,2.407227,-0.107422
1.982,2.387696,-0.356445
1.983,2.358399,-0.581055
1.984,2.338867,-0.683594
1.985,2.314453,-0.737305
1.986,2.290039,-0.771484
1.987,2.265625,-0.800781
1.988,2.246094,-0.834961
1.989,2.22168,-0.844727
1.99,2.197266,-0.864258
1.991,2.177735,-0.878906
1.992,2.158203,-0.90332
1.993,2.128906,-0.913086
1.994,2.114258,-0.927734
1.995,2.089844,-0.9375
1.996,2.070313,-0.952149
1.997,2.045899,-0.97168
1.998,2.026367,-0.976563
1.999,2.001953,-0.976563
2,1.982422,-0.981445
2.001,1.962891,-0.986328
2.002,1.938477,-0.996094
2.003,1.923828,-1.000977
2.004,1.899414,-1.000977
2.005,1.879883,-1.000977
2.006,1.860352,-1.005859
2.007,1.845703,-0.996094
2.008,1.821289,-0.996094
2.009,1.801758,-0.996094
2.01,1.78711,-0.996094
2.011,1.767578,-0.986328
2.012,1.75293,-0.981445
2.013,1.728516,-0.97168
2.014,1.713867,-0.961914
2.015,1.694336,-0.952149
2.016,1.679688,-0.947266
2.017,1.655274,-0.927734
2.018,1.640625,-0.922852
2.019,1.625977,-0.90332
2.02,1.611328,-0.888672
2.021,1.59668,-0.864258
2.022,1.577149,-0.839844
2.023,1.5625,-0.825195
2.024,1.547852,-0.800781
2.025,1.52832,-0.771484
2.026,1.518555,-0.74707
2.027,1.499024,-0.698242
2.028,1.484375,-0.605469
2.029,1.469727,-0.400391
2.03,1.459961,-0.15625
2.031,1.44043,0.097656
2.032,1.430664,0.356445
2.033,1.411133,0.59082
2.034,1.401367,0.834961
2.035,1.386719,1.088867
2.036,1.376953,1.31836
2.037,1.362305,1.5625
2.038,1.347656,1.791992
2.039,1.337891,1.953125
2.04,1.347656,2.026367
2.041,1.386719,2.094727
2.042,1.450195,2.172852
2.043,1.52832,2.265625
2.044,1.621094,2.373047
2.045,1.723633,2.465821
2.046,1.831055,2.587891
2.047,1.94336,2.705078
2.048,2.055664,2.817383
2.049,2.172852,2.934571
2.05,2.285156,3.041992
2.051,2.387696,3.144532
2.052,2.480469,3.237305
2.053,2.573242,3.320313
2.054,2.65625,3.398438
2.055,2.729492,3.466797
2.056,2.783203,3.515625
2.057,2.832032,3.554688
2.058,2.875977,3.588868
2.059,2.905274,3.608399
2.06,2.919922,3.613282
2.061,2.924805,3.598633
2.062,2.915039,3.569336
2.063,2.900391,3.510743
2.064,2.875977,3.422852
2.065,2.84668,3.300782
2.066,2.8125,3.164063
2.067,2.788086,2.998047
2.068,2.753907,2.836914
2.069,2.729492,2.651367
2.07,2.700196,2.465821
2.071,2.670899,2.260742
2.072,2.641602,2.050781
2.073,2.617188,1.831055
2.074,2.592774,1.601563
2.075,2.563477,1.37207
2.076,2.539063,1.123047
2.077,2.509766,0.883789
2.078,2.485352,0.639649
2.079,2.460938,0.390625
2.08,2.436524,0.141602
2.081,2.407227,-0.112305
2.082,2.387696,-0.361328
2.083,2.358399,-0.581055
2.084,2.338867,-0.683594
2.085,2.309571,-0.732422
2.086,2.290039,-0.771484
2.087,2.265625,-0.795899
2.088,2.250977,-0.834961
2.089,2.22168,-0.844727
2.09,2.202149,-0.864258
2.091,2.177735,-0.878906
2.092,2.153321,-0.898438
2.093,2.128906,-0.913086
2.094,2.109375,-0.927734
2.095,2.089844,-0.9375
2.096,2.070313,-0.952149
2.097,2.045899,-0.961914
2.098,2.026367,-0.97168
2.099,2.001953,-0.976563
2.1,1.987305,-0.986328
2.101,1.962891,-0.991211
2.102,1.94336,-0.996094
2.103,1.918946,-1.000977
2.104,1.904297,-1.000977
2.105,1.879883,-1.015625
2.106,1.860352,-1.000977
2.107,1.840821,-1.000977
2.108,1.821289,-0.996094
2.109,1.801758,-0.996094
2.11,1.78711,-0.991211
2.111,1.767578,-0.986328
2.112,1.748047,-0.981445
2.113,1.728516,-0.966797
2.114,1.713867,-0.961914
2.115,1.694336,-0.952149
2.116,1.679688,-0.942383
2.117,1.660156,-0.932617
2.118,1.640625,-0.917969
2.119,1.625977,-0.898438
2.12,1.611328,-0.888672
2.121,1.591797,-0.859375
2.122,1.577149,-0.849609
2.123,1.5625,-0.825195
2.124,1.547852,-0.800781
2.125,1.52832,-0.776367
2.126,1.518555,-0.742188
2.127,1.499024,-0.698242
2.128,1.489258,-0.610352
2.129,1.469727,-0.405273
2.13,1.459961,-0.15625
2.131,1.44043,0.087891
2.132,1.430664,0.34668
2.133,1.416016,0.585938
2.134,1.401367,0.834961
2.135,1.386719,1.088867
2.136,1.376953,1.323242
2.137,1.357422,1.5625
2.138,1.347656,1.78711
2.139,1.337891,1.953125
2.14,1.352539,2.026367
2.141,1.386719,2.094727
2.142,1.450195,2.172852
2.143,1.523438,2.265625
2.144,1.621094,2.368164
2.145,1.71875,2.470703
2.146,1.831055,2.578125
2.147,1.94336,2.705078
2.148,2.060547,2.817383
2.149,2.172852,2.929688
2.15,2.280274,3.041992
2.151,2.382813,3.139649
2.152,2.480469,3.242188
2.153,2.573242,3.320313
2.154,2.651367,3.398438
2.155,2.72461,3.47168
2.156,2.783203,3.515625
2.157,2.836914,3.554688
2.158,2.871094,3.59375
2.159,2.905274,3.608399
2.16,2.919922,3.613282
2.161,2.924805,3.59375
2.162,2.915039,3.569336
2.163,2.900391,3.510743
2.164,2.875977,3.432618
2.165,2.84668,3.305664
2.166,2.8125,3.15918
2.167,2.788086,3.007813
2.168,2.753907,2.836914
2.169,2.729492,2.641602
2.17,2.700196,2.460938
2.171,2.670899,2.265625
2.172,2.641602,2.050781
2.173,2.617188,1.835938
2.174,2.587891,1.606445
2.175,2.563477,1.37207
2.176,2.539063,1.12793
2.177,2.509766,0.883789
2.178,2.485352,0.634766
2.179,2.460938,0.395508
2.18,2.436524,0.136719
2.181,2.407227,-0.102539
2.182,2.382813,-0.361328
2.183,2.363281,-0.576172
2.184,2.338867,-0.683594
2.185,2.314453,-0.727539
2.186,2.290039,-0.771484
2.187,2.265625,-0.795899
2.188,2.250977,-0.820313
2.189,2.22168,-0.844727
2.19,2.202149,-0.864258
2.191,2.177735,-0.878906
2.192,2.153321,-0.898438
2.193,2.128906,-0.917969
2.194,2.109375,-0.927734
2.195,2.089844,-0.9375
2.196,2.070313,-0.952149
2.197,2.045899,-0.961914
2.198,2.021485,-0.97168
2.199,2.001953,-0.976563
2.2,1.982422,-0.986328
2.201,1.962891,-0.991211
2.202,1.94336,-0.996094
2.203,1.923828,-0.996094
2.204,1.904297,-1.000977
2.205,1.884766,-1.005859
2.206,1.860352,-0.996094
2.207,1.840821,-1.000977
2.208,1.821289,-0.996094
2.209,1.806641,-0.996094
2.21,1.782227,-0.991211
2.211,1.767578,-0.986328
2.212,1.748047,-0.976563
2.213,1.733399,-0.97168
2.214,1.713867,-0.966797
2.215,1.694336,-0.952149
2.216,1.679688,-0.9375
2.217,1.660156,-0.927734
2.218,1.640625,-0.913086
2.219,1.625977,-0.898438
2.22,1.611328,-0.883789
2.221,1.591797,-0.869141
2.222,1.577149,-0.849609
2.223,1.5625,-0.825195
2.224,1.547852,-0.800781
2.225,1.52832,-0.776367
2.226,1.518555,-0.742188
2.227,1.499024,-0.698242
2.228,1.489258,-0.610352
2.229,1.469727,-0.410156
2.23,1.459961,-0.15625
2.231,1.44043,0.087891
2.232,1.430664,0.341797
2.233,1.416016,0.595703
2.234,1.401367,0.834961
2.235,1.386719,1.083984
2.236,1.376953,1.328125
2.237,1.362305,1.567383
2.238,1.352539,1.78711
2.239,1.337891,1.953125
2.24,1.352539,2.026367
2.241,1.391602,2.09961
2.242,1.450195,2.172852
2.243,1.52832,2.270508
2.244,1.621094,2.368164
2.245,1.723633,2.480469
2.246,1.835938,2.587891
2.247,1.94336,2.714844
2.248,2.055664,2.822266
2.249,2.172852,2.934571
2.25,2.285156,3.041992
2.251,2.382813,3.144532
2.252,2.485352,3.232422
2.253,2.573242,3.320313
2.254,2.65625,3.403321
2.255,2.72461,3.461914
2.256,2.783203,3.515625
2.257,2.832032,3.559571
2.258,2.875977,3.588868
2.259,2.900391,3.608399
2.26,2.919922,3.613282
2.261,2.924805,3.598633
2.262,2.919922,3.569336
2.263,2.900391,3.515625
2.264,2.875977,3.427735
2.265,2.841797,3.305664
2.266,2.817383,3.164063
2.267,2.783203,3.007813
2.268,2.758789,2.836914
2.269,2.729492,2.65625
2.27,2.700196,2.456055
2.271,2.666016,2.260742
2.272,2.646485,2.050781
2.273,2.617188,1.826172
2.274,2.592774,1.601563
2.275,2.563477,1.376953
2.276,2.539063,1.12793
2.277,2.509766,0.883789
2.278,2.485352,0.634766
2.279,2.456055,0.395508
2.28,2.431641,0.141602
2.281,2.407227,-0.107422
2.282,2.387696,-0.356445
2.283,2.358399,-0.581055
2.284,2.338867,-0.688477
2.285,2.314453,-0.732422
2.286,2.294922,-0.771484
2.287,2.265625,-0.791016
2.288,2.246094,-0.834961
2.289,2.216797,-0.844727
2.29,2.202149,-0.869141
2.291,2.177735,-0.878906
2.292,2.158203,-0.898438
2.293,2.133789,-0.908203
2.294,2.109375,-0.932617
2.295,2.089844,-0.9375
2.296,2.070313,-0.952149
2.297,2.045899,-0.961914
2.298,2.021485,-0.97168
2.299,2.001953,-0.976563
2.3,1.982422,-0.986328
2.301,1.962891,-0.991211
2.302,1.94336,-0.996094
2.303,1.918946,-1.000977
2.304,1.904297,-1.000977
2.305,1.879883,-1.005859
2.306,1.860352,-1.000977
2.307,1.840821,-1.005859
2.308,1.821289,-1.000977
2.309,1.801758,-0.996094
2.31,1.78711,-0.991211
2.311,1.762695,-0.986328
2.312,1.748047,-0.976563
2.313,1.728516,-0.97168
2.314,1.708985,-0.961914
2.315,1.694336,-0.952149
2.316,1.674805,-0.942383
2.317,1.660156,-0.927734
2.318,1.645508,-0.917969
2.319,1.625977,-0.898438
2.32,1.611328,-0.883789
2.321,1.591797,-0.869141
2.322,1.577149,-0.849609
2.323,1.5625,-0.820313
2.324,1.547852,-0.805664
2.325,1.533203,-0.776367
2.326,1.518555,-0.74707
2.327,1.499024,-0.693359
2.328,1.484375,-0.610352
2.329,1.469727,-0.395508
2.33,1.459961,-0.161133
2.331,1.445313,0.097656
2.332,1.430664,0.341797
2.333,1.416016,0.59082
2.334,1.401367,0.834961
2.335,1.386719,1.083984
2.336,1.376953,1.323242
2.337,1.357422,1.5625
2.338,1.347656,1.78711
2.339,1.337891,1.958008
2.34,1.352539,2.03125
2.341,1.391602,2.09961
2.342,1.450195,2.172852
2.343,1.523438,2.265625
2.344,1.621094,2.368164
2.345,1.723633,2.480469
2.346,1.831055,2.587891
2.347,1.94336,2.705078
2.348,2.060547,2.817383
2.349,2.167969,2.934571
2.35,2.280274,3.03711
2.351,2.382813,3.144532
2.352,2.480469,3.237305
2.353,2.56836,3.325196
2.354,2.65625,3.398438
2.355,2.72461,3.461914
2.356,2.788086,3.515625
2.357,2.832032,3.559571
2.358,2.875977,3.588868
2.359,2.900391,3.608399
2.36,2.919922,3.608399
2.361,2.924805,3.598633
2.362,2.919922,3.564453
2.363,2.900391,3.515625
2.364,2.875977,3.427735
2.365,2.841797,3.310547
2.366,2.8125,3.164063
2.367,2.783203,3.00293
2.368,2.758789,2.832032
2.369,2.72461,2.651367
2.37,2.700196,2.465821
2.371,2.670899,2.265625
2.372,2.646485,2.055664
2.373,2.617188,1.835938
2.374,2.592774,1.601563
2.375,2.563477,1.367188
2.376,2.539063,1.123047
2.377,2.509766,0.878906
2.378,2.485352,0.639649
2.379,2.460938,0.385742
2.38,2.436524,0.136719
2.381,2.407227,-0.092773
2.382,2.387696,-0.361328
2.383,2.358399,-0.581055
2.384,2.34375,-0.683594
2.385,2.314453,-0.732422
2.386,2.294922,-0.766602
2.387,2.260742,-0.795899
2.388,2.246094,-0.825195
2.389,2.22168,-0.844727
2.39,2.202149,-0.864258
2.391,2.177735,-0.883789
2.392,2.158203,-0.898438
2.393,2.133789,-0.913086
2.394,2.114258,-0.927734
2.395,2.084961,-0.932617
2.396,2.06543,-0.961914
2.397,2.041016,-0.957031
2.398,2.026367,-0.97168
2.399,2.001953,-0.976563
2.4,1.982422,-0.986328
2.401,1.962891,-0.991211
2.402,1.94336,-0.996094
2.403,1.918946,-0.996094
2.404,1.899414,-1.000977
2.405,1.879883,-1.005859
2.406,1.860352,-1.000977
2.407,1.840821,-1.005859
2.408,1.821289,-1.000977
2.409,1.801758,-1.000977
2.41,1.782227,-0.991211
2.411,1.767578,-0.986328
2.412,1.748047,-0.976563
2.413,1.728516,-0.97168
2.414,1.708985,-0.97168
2.415,1.694336,-0.957031
2.416,1.679688,-0.942383
2.417,1.660156,-0.932617
2.418,1.640625,-0.913086
2.419,1.625977,-0.90332
2.42,1.606445,-0.883789
2.421,1.59668,-0.874024
2.422,1.572266,-0.859375
2.423,1.5625,-0.830078
2.424,1.547852,-0.805664
2.425,1.52832,-0.776367
2.426,1.513672,-0.742188
2.427,1.503906,-0.693359
2.428,1.484375,-0.615234
2.429,1.469727,-0.400391
2.43,1.459961,-0.15625
2.431,1.44043,0.097656
2.432,1.425781,0.34668
2.433,1.416016,0.595703
2.434,1.401367,0.839844
2.435,1.386719,1.079102
2.436,1.376953,1.323242
2.437,1.357422,1.567383
2.438,1.347656,1.78711
2.439,1.337891,1.953125
2.44,1.352539,2.026367
2.441,1.386719,2.09961
2.442,1.450195,2.177735
2.443,1.52832,2.265625
2.444,1.625977,2.368164
2.445,1.723633,2.475586
2.446,1.831055,2.592774
2.447,1.94336,2.705078
2.448,2.060547,2.8125
2.449,2.167969,2.929688
2.45,2.285156,3.03711
2.451,2.382813,3.144532
2.452,2.485352,3.232422
2.453,2.573242,3.31543
2.454,2.651367,3.398438
2.455,2.719727,3.461914
2.456,2.783203,3.510743
2.457,2.832032,3.554688
2.458,2.871094,3.588868
2.459,2.900391,3.603516
2.46,2.919922,3.608399
2.461,2.924805,3.598633
2.462,2.915039,3.554688
2.463,2.900391,3.510743
2.464,2.875977,3.422852
2.465,2.841797,3.300782
2.466,2.807617,3.154297
2.467,2.783203,3.007813
2.468,2.758789,2.832032
2.469,2.72461,2.65625
2.47,2.700196,2.460938
2.471,2.670899,2.260742
2.472,2.641602,2.055664
2.473,2.617188,1.826172
2.474,2.587891,1.621094
2.475,2.563477,1.376953
2.476,2.539063,1.12793
2.477,2.514649,0.878906
2.478,2.485352,0.639649
2.479,2.460938,0.390625
2.48,2.431641,0.146484
2.481,2.41211,-0.112305
2.482,2.382813,-0.361328
2.483,2.363281,-0.581055
2.484,2.333985,-0.683594
2.485,2.314453,-0.737305
2.486,2.290039,-0.766602
2.487,2.270508,-0.795899
2.488,2.246094,-0.825195
2.489,2.226563,-0.849609
2.49,2.197266,-0.864258
2.491,2.177735,-0.883789
2.492,2.153321,-0.898438
2.493,2.133789,-0.913086
2.494,2.109375,-0.927734
2.495,2.089844,-0.9375
2.496,2.070313,-0.952149
2.497,2.045899,-0.957031
2.498,2.021485,-0.981445
2.499,2.001953,-0.976563
2.5,1.982422,-0.986328
2.501,1.958008,-0.991211
2.502,1.94336,-0.996094
2.503,1.918946,-1.000977
2.504,1.904297,-0.996094
2.505,1.879883,-1.000977
2.506,1.865235,-1.015625
2.507,1.840821,-1.000977
2.508,1.826172,-0.996094
2.509,1.801758,-0.996094
2.51,1.782227,-0.991211
2.511,1.767578,-0.991211
2.512,1.748047,-0.981445
2.513,1.728516,-0.97168
2.514,1.708985,-0.961914
2.515,1.694336,-0.952149
2.516,1.674805,-0.942383
2.517,1.660156,-0.932617
2.518,1.640625,-0.913086
2.519,1.625977,-0.90332
2.52,1.606445,-0.883789
2.521,1.591797,-0.869141
2.522,1.577149,-0.844727
2.523,1.5625,-0.825195
2.524,1.547852,-0.800781
2.525,1.533203,-0.776367
2.526,1.513672,-0.742188
2.527,1.499024,-0.698242
2.528,1.479492,-0.610352
2.529,1.469727,-0.410156
2.53,1.455078,-0.15625
2.531,1.44043,0.092773
2.532,1.425781,0.341797
2.533,1.416016,0.595703
2.534,1.401367,0.849609
2.535,1.386719,1.088867
2.536,1.376953,1.328125
2.537,1.357422,1.572266
2.538,1.347656,1.777344
2.539,1.337891,1.938477
2.54,1.352539,2.026367
2.541,1.386719,2.09961
2.542,1.450195,2.177735
2.543,1.52832,2.265625
2.544,1.621094,2.368164
2.545,1.723633,2.480469
2.546,1.831055,2.592774
2.547,1.948242,2.705078
2.548,2.060547,2.817383
2.549,2.172852,2.929688
2.55,2.280274,3.041992
2.551,2.387696,3.144532
2.552,2.485352,3.232422
2.553,2.573242,3.310547
2.554,2.65625,3.393555
2.555,2.72461,3.461914
2.556,2.783203,3.515625
2.557,2.832032,3.559571
2.558,2.875977,3.588868
2.559,2.900391,3.608399
2.56,2.919922,3.613282
2.561,2.924805,3.59375
2.562,2.915039,3.564453
2.563,2.905274,3.510743
2.564,2.871094,3.417969
2.565,2.84668,3.305664
2.566,2.8125,3.168946
2.567,2.788086,2.998047
2.568,2.753907,2.827149
2.569,2.72461,2.651367
2.57,2.700196,2.456055
2.571,2.675782,2.260742
2.572,2.641602,2.050781
2.573,2.617188,1.840821
2.574,2.587891,1.601563
2.575,2.563477,1.367188
2.576,2.539063,1.142578
2.577,2.514649,0.878906
2.578,2.485352,0.629883
2.579,2.460938,0.385742
2.58,2.431641,0.136719
2.581,2.41211,-0.112305
2.582,2.387696,-0.356445
2.583,2.363281,-0.581055
2.584,2.338867,-0.683594
2.585,2.314453,-0.737305
2.586,2.294922,-0.771484
2.587,2.270508,-0.800781
2.588,2.246094,-0.820313
2.589,2.22168,-0.849609
2.59,2.197266,-0.864258
2.591,2.182617,-0.883789
2.592,2.153321,-0.898438
2.593,2.138672,-0.913086
2.594,2.109375,-0.927734
2.595,2.089844,-0.9375
2.596,2.06543,-0.942383
2.597,2.045899,-0.976563
2.598,2.021485,-0.966797
2.599,2.006836,-0.981445
2.6,1.982422,-0.986328
2.601,1.967774,-0.991211
2.602,1.938477,-0.991211
2.603,1.923828,-1.000977
2.604,1.899414,-0.996094
2.605,1.884766,-1.015625
2.606,1.860352,-1.005859
2.607,1.840821,-1.005859
2.608,1.821289,-0.996094
2.609,1.801758,-1.000977
2.61,1.782227,-0.991211
2.611,1.767578,-0.986328
2.612,1.743164,-0.981445
2.613,1.733399,-0.966797
2.614,1.708985,-0.961914
2.615,1.699219,-0.952149
2.616,1.674805,-0.942383
2.617,1.660156,-0.927734
2.618,1.640625,-0.917969
2.619,1.621094,-0.898438
2.62,1.606445,-0.883789
2.621,1.591797,-0.864258
2.622,1.577149,-0.849609
2.623,1.5625,-0.830078
2.624,1.542969,-0.805664
2.625,1.52832,-0.776367
2.626,1.513672,-0.74707
2.627,1.499024,-0.693359
2.628,1.489258,-0.605469
2.629,1.47461,-0.405273
2.63,1.459961,-0.15625
2.631,1.44043,0.092773
2.632,1.430664,0.341797
2.633,1.411133,0.59082
2.634,1.40625,0.839844
2.635,1.386719,1.083984
2.636,1.376953,1.323242
2.637,1.362305,1.577149
2.638,1.352539,1.777344
2.639,1.337891,1.948242
2.64,1.352539,2.03125
2.641,1.386719,2.09961
2.642,1.450195,2.172852
2.643,1.523438,2.265625
2.644,1.621094,2.368164
2.645,1.723633,2.475586
2.646,1.831055,2.587891
2.647,1.94336,2.705078
2.648,2.060547,2.822266
2.649,2.172852,2.929688
2.65,2.280274,3.03711
2.651,2.382813,3.144532
2.652,2.480469,3.232422
2.653,2.56836,3.31543
2.654,2.65625,3.398438
2.655,2.72461,3.466797
2.656,2.783203,3.515625
2.657,2.836914,3.554688
2.658,2.871094,3.588868
2.659,2.905274,3.613282
2.66,2.919922,3.608399
2.661,2.924805,3.603516
2.662,2.919922,3.564453
2.663,2.895508,3.515625
2.664,2.875977,3.422852
2.665,2.84668,3.305664
2.666,2.8125,3.15918
2.667,2.788086,3.007813
2.668,2.753907,2.841797
2.669,2.729492,2.651367
2.67,2.700196,2.456055
2.671,2.670899,2.25586
2.672,2.646485,2.050781
2.673,2.622071,1.826172
2.674,2.587891,1.601563
2.675,2.563477,1.37207
2.676,2.53418,1.12793
2.677,2.514649,0.883789
2.678,2.480469,0.644531
2.679,2.460938,0.390625
2.68,2.431641,0.146484
2.681,2.41211,-0.102539
2.682,2.382813,-0.361328
2.683,2.363281,-0.581055
2.684,2.338867,-0.678711
2.685,2.314453,-0.737305
2.686,2.290039,-0.766602
2.687,2.270508,-0.795899
2.688,2.241211,-0.830078
2.689,2.226563,-0.844727
2.69,2.197266,-0.864258
2.691,2.177735,-0.878906
2.692,2.153321,-0.898438
2.693,2.133789,-0.917969
2.694,2.109375,-0.922852
2.695,2.089844,-0.942383
2.696,2.06543,-0.947266
2.697,2.050781,-0.961914
2.698,2.021485,-0.966797
2.699,2.006836,-0.976563
2.7,1.982422,-0.981445
2.701,1.958008,-0.991211
2.702,1.938477,-0.996094
2.703,1.923828,-0.996094
2.704,1.899414,-1.000977
2.705,1.879883,-1.000977
2.706,1.855469,-1.000977
2.707,1.840821,-1.000977
2.708,1.821289,-1.000977
2.709,1.801758,-0.996094
2.71,1.78711,-0.991211
2.711,1.767578,-0.986328
2.712,1.75293,-0.976563
2.713,1.728516,-0.97168
2.714,1.713867,-0.961914
2.715,1.694336,-0.952149
2.716,1.679688,-0.942383
2.717,1.660156,-0.927734
2.718,1.645508,-0.917969
2.719,1.625977,-0.898438
2.72,1.611328,-0.883789
2.721,1.591797,-0.878906
2.722,1.577149,-0.849609
2.723,1.557617,-0.825195
2.724,1.547852,-0.800781
2.725,1.533203,-0.776367
2.726,1.518555,-0.74707
2.727,1.499024,-0.693359
2.728,1.489258,-0.605469
2.729,1.469727,-0.400391
2.73,1.459961,-0.161133
2.731,1.445313,0.092773
2.732,1.430664,0.34668
2.733,1.416016,0.59082
2.734,1.396485,0.844727
2.735,1.386719,1.079102
2.736,1.37207,1.323242
2.737,1.357422,1.5625
2.738,1.347656,1.791992
2.739,1.342774,1.958008
2.74,1.347656,2.036133
2.741,1.391602,2.09961
2.742,1.450195,2.177735
2.743,1.52832,2.270508
2.744,1.621094,2.368164
2.745,1.723633,2.475586
2.746,1.831055,2.578125
2.747,1.948242,2.700196
2.748,2.055664,2.822266
2.749,2.167969,2.929688
2.75,2.280274,3.041992
2.751,2.387696,3.144532
2.752,2.480469,3.237305
2.753,2.578125,3.320313
2.754,2.651367,3.398438
2.755,2.72461,3.461914
2.756,2.783203,3.520508
2.757,2.832032,3.554688
2.758,2.871094,3.588868
2.759,2.905274,3.603516
2.76,2.915039,3.613282
2.761,2.929688,3.59375
2.762,2.915039,3.564453
2.763,2.900391,3.496094
2.764,2.871094,3.427735
2.765,2.84668,3.305664
2.766,2.8125,3.164063
2.767,2.788086,3.00293
2.768,2.753907,2.841797
2.769,2.72461,2.661133
2.77,2.695313,2.460938
2.771,2.670899,2.260742
2.772,2.641602,2.050781
2.773,2.617188,1.831055
2.774,2.587891,1.601563
2.775,2.563477,1.367188
2.776,2.539063,1.132813
2.777,2.509766,0.888672
2.778,2.485352,0.639649
2.779,2.456055,0.395508
2.78,2.436524,0.141602
2.781,2.407227,-0.102539
2.782,2.387696,-0.356445
2.783,2.358399,-0.576172
2.784,2.338867,-0.683594
2.785,2.314453,-0.732422
2.786,2.294922,-0.771484
2.787,2.265625,-0.805664
2.788,2.246094,-0.834961
2.789,2.216797,-0.844727
2.79,2.197266,-0.864258
2.791,2.172852,-0.878906
2.792,2.158203,-0.90332
2.793,2.133789,-0.913086
2.794,2.109375,-0.927734
2.795,2.089844,-0.927734
2.796,2.06543,-0.952149
2.797,2.045899,-0.957031
2.798,2.026367,-0.97168
2.799,2.001953,-0.976563
2.8,1.982422,-0.986328
2.801,1.958008,-0.991211
2.802,1.94336,-0.996094
2.803,1.918946,-0.996094
2.804,1.904297,-1.000977
2.805,1.879883,-1.000977
2.806,1.865235,-1.000977
2.807,1.840821,-1.000977
2.808,1.821289,-1.000977
2.809,1.801758,-0.996094
2.81,1.782227,-0.991211
2.811,1.767578,-0.986328
2.812,1.748047,-0.981445
2.813,1.728516,-0.976563
2.814,1.713867,-0.976563
2.815,1.694336,-0.952149
2.816,1.674805,-0.942383
2.817,1.655274,-0.927734
2.818,1.640625,-0.913086
2.819,1.625977,-0.898438
2.82,1.611328,-0.888672
2.821,1.591797,-0.864258
2.822,1.577149,-0.849609
2.823,1.5625,-0.825195
2.824,1.547852,-0.805664
2.825,1.52832,-0.776367
2.826,1.513672,-0.742188
2.827,1.494141,-0.703125
2.828,1.484375,-0.610352
2.829,1.47461,-0.405273
2.83,1.459961,-0.15625
2.831,1.44043,0.097656
2.832,1.430664,0.341797
2.833,1.411133,0.585938
2.834,1.401367,0.834961
2.835,1.391602,1.079102
2.836,1.37207,1.328125
2.837,1.362305,1.557617
2.838,1.352539,1.782227
2.839,1.337891,1.953125
2.84,1.347656,2.03125
2.841,1.386719,2.094727
2.842,1.445313,2.177735
2.843,1.52832,2.265625
2.844,1.621094,2.368164
2.845,1.723633,2.475586
2.846,1.831055,2.587891
2.847,1.94336,2.709961
2.848,2.060547,2.817383
2.849,2.172852,2.934571
2.85,2.275391,3.03711
2.851,2.382813,3.144532
2.852,2.480469,3.232422
2.853,2.573242,3.325196
2.854,2.651367,3.398438
2.855,2.72461,3.466797
2.856,2.783203,3.50586
2.857,2.832032,3.559571
2.858,2.875977,3.588868
2.859,2.900391,3.608399
2.86,2.919922,3.608399
2.861,2.924805,3.598633
2.862,2.919922,3.569336
2.863,2.900391,3.515625
2.864,2.871094,3.427735
2.865,2.841797,3.305664
2.866,2.817383,3.154297
2.867,2.783203,3.00293
2.868,2.758789,2.836914
2.869,2.72461,2.651367
2.87,2.700196,2.460938
2.871,2.670899,2.265625
2.872,2.641602,2.050781
2.873,2.612305,1.831055
2.874,2.587891,1.606445
2.875,2.558594,1.37207
2.876,2.53418,1.123047
2.877,2.509766,0.878906
2.878,2.485352,0.639649
2.879,2.460938,0.390625
2.88,2.436524,0.136719
2.881,2.41211,-0.112305
2.882,2.382813,-0.356445
2.883,2.363281,-0.585938
2.884,2.333985,-0.683594
2.885,2.314453,-0.737305
2.886,2.290039,-0.771484
2.887,2.270508,-0.795899
2.888,2.241211,-0.820313
2.889,2.22168,-0.844727
2.89,2.197266,-0.864258
2.891,2.177735,-0.883789
2.892,2.153321,-0.898438
2.893,2.133789,-0.917969
2.894,2.109375,-0.927734
2.895,2.094727,-0.942383
2.896,2.06543,-0.952149
2.897,2.045899,-0.957031
2.898,2.021485,-0.966797
2.899,2.006836,-0.976563
2.9,1.982422,-0.986328
2.901,1.962891,-0.991211
2.902,1.938477,-0.996094
2.903,1.923828,-1.000977
2.904,1.904297,-0.996094
2.905,1.879883,-0.996094
2.906,1.860352,-1.000977
2.907,1.840821,-1.000977
2.908,1.821289,-0.996094
2.909,1.806641,-0.996094
2.91,1.782227,-0.996094
2.911,1.767578,-0.986328
2.912,1.748047,-0.981445
2.913,1.728516,-0.97168
2.914,1.708985,-0.961914
2.915,1.694336,-0.952149
2.916,1.674805,-0.942383
2.917,1.660156,-0.927734
2.918,1.645508,-0.917969
2.919,1.625977,-0.90332
2.92,1.611328,-0.883789
2.921,1.59668,-0.869141
2.922,1.577149,-0.844727
2.923,1.5625,-0.834961
2.924,1.542969,-0.805664
2.925,1.52832,-0.776367
2.926,1.518555,-0.742188
2.927,1.503906,-0.693359
2.928,1.489258,-0.610352
2.929,1.47461,-0.405273
2.93,1.455078,-0.15625
2.931,1.445313,0.102539
2.932,1.425781,0.341797
2.933,1.416016,0.59082
2.934,1.401367,0.839844
2.935,1.391602,1.083984
2.936,1.37207,1.323242
2.937,1.362305,1.5625
2.938,1.347656,1.782227
2.939,1.337891,1.953125
2.94,1.347656,2.03125
2.941,1.386719,2.094727
2.942,1.450195,2.172852
2.943,1.52832,2.265625
2.944,1.621094,2.373047
2.945,1.723633,2.475586
2.946,1.831055,2.592774
2.947,1.94336,2.705078
2.948,2.055664,2.817383
2.949,2.172852,2.929688
2.95,2.280274,3.041992
2.951,2.387696,3.139649
2.952,2.480469,3.237305
2.953,2.573242,3.320313
2.954,2.651367,3.398438
2.955,2.72461,3.461914
2.956,2.783203,3.50586
2.957,2.832032,3.559571
2.958,2.871094,3.588868
2.959,2.905274,3.603516
2.96,2.919922,3.608399
2.961,2.924805,3.598633
2.962,2.915039,3.569336
2.963,2.900391,3.520508
2.964,2.871094,3.432618
2.965,2.84668,3.300782
2.966,2.8125,3.164063
2.967,2.788086,3.007813
2.968,2.753907,2.827149
2.969,2.729492,2.646485
2.97,2.695313,2.460938
2.971,2.670899,2.260742
2.972,2.641602,2.060547
2.973,2.617188,1.845703
2.974,2.587891,1.601563
2.975,2.563477,1.376953
2.976,2.539063,1.12793
2.977,2.509766,0.883789
2.978,2.480469,0.639649
2.979,2.460938,0.385742
2.98,2.436524,0.141602
2.981,2.41211,-0.107422
2.982,2.382813,-0.361328
2.983,2.358399,-0.581055
2.984,2.338867,-0.683594
2.985,2.309571,-0.727539
2.986,2.290039,-0.766602
2.987,2.265625,-0.795899
2.988,2.246094,-0.820313
2.989,2.22168,-0.844727
2.99,2.202149,-0.864258
2.991,2.177735,-0.883789
2.992,2.153321,-0.898438
2.993,2.128906,-0.913086
2.994,2.109375,-0.927734
2.995,2.089844,-0.9375
2.996,2.06543,-0.952149
2.997,2.045899,-0.957031
2.998,2.026367,-0.966797
2.999,2.006836,-0.976563
3,1.982422,-0.981445
3.001,1.962891,-0.986328
3.002,1.938477,-0.996094
3.003,1.923828,-1.000977
3.004,1.899414,-1.000977
3.005,1.884766,-1.010742
3.006,1.860352,-1.000977
3.007,1.845703,-1.005859
3.008,1.821289,-0.996094
3.009,1.801758,-0.996094
3.01,1.782227,-0.991211
3.011,1.767578,-0.986328
3.012,1.743164,-0.976563
3.013,1.728516,-0.981445
3.014,1.708985,-0.961914
3.015,1.694336,-0.957031
3.016,1.674805,-0.9375
3.017,1.660156,-0.932617
3.018,1.640625,-0.913086
3.019,1.625977,-0.90332
3.02,1.606445,-0.883789
3.021,1.59668,-0.869141
3.022,1.577149,-0.849609
3.023,1.567383,-0.830078
3.024,1.547852,-0.800781
3.025,1.533203,-0.776367
3.026,1.513672,-0.742188
3.027,1.499024,-0.698242
3.028,1.484375,-0.610352
3.029,1.469727,-0.405273
3.03,1.455078,-0.151367
3.031,1.445313,0.102539
3.032,1.430664,0.341797
3.033,1.416016,0.59082
3.034,1.401367,0.844727
3.035,1.386719,1.079102
3.036,1.37207,1.328125
3.037,1.362305,1.5625
3.038,1.347656,1.782227
3.039,1.337891,1.958008
3.04,1.352539,2.026367
3.041,1.391602,2.094727
3.042,1.445313,2.172852
3.043,1.52832,2.270508
3.044,1.621094,2.363281
3.045,1.71875,2.475586
3.046,1.831055,2.587891
3.047,1.94336,2.709961
3.048,2.060547,2.822266
3.049,2.172852,2.929688
3.05,2.280274,3.03711
3.051,2.382813,3.144532
3.052,2.480469,3.237305
3.053,2.573242,3.320313
3.054,2.65625,3.383789
3.055,2.719727,3.466797
3.056,2.788086,3.515625
3.057,2.832032,3.559571
3.058,2.875977,3.588868
3.059,2.900391,3.608399
3.06,2.919922,3.608399
3.061,2.924805,3.598633
3.062,2.919922,3.564453
3.063,2.895508,3.510743
3.064,2.875977,3.427735
3.065,2.841797,3.295899
3.066,2.817383,3.164063
3.067,2.783203,3.00293
3.068,2.758789,2.836914
3.069,2.72461,2.651367
3.07,2.700196,2.460938
3.071,2.666016,2.25586
3.072,2.646485,2.060547
3.073,2.617188,1.831055
3.074,2.592774,1.606445
3.075,2.563477,1.376953
3.076,2.539063,1.123047
3.077,2.514649,0.883789
3.078,2.485352,0.639649
3.079,2.456055,0.395508
3.08,2.436524,0.146484
3.081,2.407227,-0.097656
3.082,2.387696,-0.361328
3.083,2.363281,-0.581055
3.084,2.338867,-0.683594
3.085,2.314453,-0.732422
3.086,2.294922,-0.771484
3.087,2.265625,-0.795899
3.088,2.246094,-0.820313
3.089,2.22168,-0.839844
3.09,2.202149,-0.864258
3.091,2.177735,-0.883789
3.092,2.158203,-0.90332
3.093,2.133789,-0.913086
3.094,2.109375,-0.927734
3.095,2.084961,-0.932617
3.096,2.06543,-0.947266
3.097,2.041016,-0.961914
3.098,2.026367,-0.981445
3.099,2.001953,-0.976563
3.1,1.982422,-0.986328
3.101,1.958008,-0.991211
3.102,1.94336,-0.996094
3.103,1.923828,-0.996094
3.104,1.899414,-0.996094
3.105,1.879883,-1.000977
3.106,1.860352,-1.000977
3.107,1.845703,-1.005859
3.108,1.821289,-1.000977
3.109,1.806641,-0.996094
3.11,1.782227,-0.991211
3.111,1.767578,-0.986328
3.112,1.748047,-0.976563
3.113,1.728516,-0.97168
3.114,1.713867,-0.952149
3.115,1.694336,-0.952149
3.116,1.679688,-0.942383
3.117,1.660156,-0.932617
3.118,1.645508,-0.913086
3.119,1.625977,-0.90332
3.12,1.606445,-0.883789
3.121,1.59668,-0.869141
3.122,1.577149,-0.849609
3.123,1.5625,-0.830078
3.124,1.542969,-0.800781
3.125,1.533203,-0.776367
3.126,1.513672,-0.737305
3.127,1.503906,-0.698242
3.128,1.484375,-0.605469
3.129,1.469727,-0.405273
3.13,1.455078,-0.15625
3.131,1.44043,0.092773
3.132,1.425781,0.341797
3.133,1.416016,0.59082
3.134,1.401367,0.844727
3.135,1.386719,1.083984
3.136,1.37207,1.328125
3.137,1.357422,1.552735
3.138,1.347656,1.791992
3.139,1.337891,1.953125
3.14,1.352539,2.026367
3.141,1.386719,2.094727
3.142,1.455078,2.172852
3.143,1.52832,2.265625
3.144,1.621094,2.368164
3.145,1.723633,2.475586
3.146,1.835938,2.597657
3.147,1.94336,2.705078
3.148,2.060547,2.817383
3.149,2.172852,2.929688
3.15,2.280274,3.03711
3.151,2.382813,3.144532
3.152,2.485352,3.237305
3.153,2.573242,3.320313
3.154,2.651367,3.398438
3.155,2.719727,3.452149
3.156,2.783203,3.515625
3.157,2.832032,3.559571
3.158,2.875977,3.588868
3.159,2.900391,3.608399
3.16,2.919922,3.608399
3.161,2.919922,3.598633
3.162,2.919922,3.564453
3.163,2.895508,3.510743
3.164,2.875977,3.422852
3.165,2.841797,3.310547
3.166,2.8125,3.164063
3.167,2.783203,3.007813
3.168,2.753907,2.832032
3.169,2.72461,2.651367
3.17,2.700196,2.465821
3.171,2.670899,2.260742
3.172,2.646485,2.055664
3.173,2.617188,1.835938
3.174,2.587891,1.59668
3.175,2.563477,1.367188
3.176,2.53418,1.118164
3.177,2.514649,0.883789
3.178,2.485352,0.654297
3.179,2.460938,0.390625
3.18,2.431641,0.146484
3.181,2.41211,-0.107422
3.182,2.382813,-0.356445
3.183,2.363281,-0.581055
3.184,2.338867,-0.683594
3.185,2.314453,-0.737305
3.186,2.290039,-0.766602
3.187,2.270508,-0.810547
3.188,2.241211,-0.820313
3.189,2.22168,-0.849609
3.19,2.197266,-0.864258
3.191,2.177735,-0.883789
3.192,2.153321,-0.898438
3.193,2.133789,-0.913086
3.194,2.109375,-0.927734
3.195,2.089844,-0.942383
3.196,2.070313,-0.952149
3.197,2.050781,-0.961914
3.198,2.021485,-0.966797
3.199,2.001953,-0.976563
3.2,1.982422,-0.981445
3.201,1.962891,-0.991211
3.202,1.938477,-0.996094
3.203,1.918946,-1.000977
3.204,1.904297,-1.000977
3.205,1.879883,-0.996094
3.206,1.865235,-1.000977
3.207,1.840821,-0.996094
3.208,1.821289,-1.000977
3.209,1.801758,-0.991211
3.21,1.78711,-0.991211
3.211,1.762695,-0.981445
3.212,1.748047,-0.981445
3.213,1.728516,-0.966797
3.214,1.713867,-0.966797
3.215,1.694336,-0.952149
3.216,1.679688,-0.942383
3.217,1.655274,-0.927734
3.218,1.645508,-0.913086
3.219,1.625977,-0.898438
3.22,1.611328,-0.888672
3.221,1.591797,-0.878906
3.222,1.582031,-0.849609
3.223,1.5625,-0.825195
3.224,1.542969,-0.805664
3.225,1.52832,-0.771484
3.226,1.513672,-0.742188
3.227,1.499024,-0.698242
3.228,1.484375,-0.605469
3.229,1.469727,-0.415039
3.23,1.455078,-0.161133
3.231,1.445313,0.087891
3.232,1.425781,0.34668
3.233,1.416016,0.585938
3.234,1.401367,0.839844
3.235,1.386719,1.079102
3.236,1.37207,1.323242
3.237,1.362305,1.557617
3.238,1.347656,1.78711
3.239,1.337891,1.933594
3.24,1.352539,2.03125
3.241,1.386719,2.094727
3.242,1.450195,2.177735
3.243,1.52832,2.265625
3.244,1.625977,2.368164
3.245,1.723633,2.475586
3.246,1.831055,2.587891
3.247,1.94336,2.700196
3.248,2.055664,2.817383
3.249,2.167969,2.934571
3.25,2.280274,3.041992
3.251,2.382813,3.139649
3.252,2.480469,3.232422
3.253,2.573242,3.320313
3.254,2.65625,3.398438
3.255,2.72461,3.461914
3.256,2.783203,3.510743
3.257,2.832032,3.559571
3.258,2.875977,3.583985
3.259,2.900391,3.603516
3.26,2.919922,3.608399
3.261,2.924805,3.598633
3.262,2.919922,3.554688
3.263,2.900391,3.515625
3.264,2.875977,3.427735
3.265,2.84668,3.305664
3.266,2.8125,3.15918
3.267,2.783203,3.00293
3.268,2.758789,2.836914
3.269,2.729492,2.651367
3.27,2.700196,2.470703
3.271,2.670899,2.25586
3.272,2.641602,2.055664
3.273,2.617188,1.831055
3.274,2.587891,1.611328
3.275,2.56836,1.37207
3.276,2.539063,1.132813
3.277,2.509766,0.878906
3.278,2.480469,0.634766
3.279,2.460938,0.390625
3.28,2.431641,0.146484
3.281,2.41211,-0.107422
3.282,2.382813,-0.356445
3.283,2.363281,-0.576172
3.284,2.333985,-0.683594
3.285,2.314453,-0.732422
3.286,2.290039,-0.771484
3.287,2.265625,-0.800781
3.288,2.246094,-0.825195
3.289,2.22168,-0.844727
3.29,2.197266,-0.864258
3.291,2.177735,-0.878906
3.292,2.148438,-0.898438
3.293,2.128906,-0.913086
3.294,2.109375,-0.932617
3.295,2.084961,-0.942383
3.296,2.070313,-0.952149
3.297,2.045899,-0.97168
3.298,2.026367,-0.97168
3.299,2.001953,-0.976563
3.3,1.982422,-0.986328
3.301,1.962891,-0.991211
3.302,1.94336,-0.996094
3.303,1.918946,-1.000977
3.304,1.904297,-1.005859
3.305,1.884766,-1.005859
3.306,1.865235,-1.000977
3.307,1.840821,-1.000977
3.308,1.821289,-1.000977
3.309,1.801758,-0.996094
3.31,1.782227,-0.991211
3.311,1.762695,-0.986328
3.312,1.748047,-0.976563
3.313,1.728516,-0.97168
3.314,1.708985,-0.966797
3.315,1.694336,-0.952149
3.316,1.674805,-0.942383
3.317,1.660156,-0.922852
3.318,1.640625,-0.917969
3.319,1.625977,-0.90332
3.32,1.616211,-0.883789
3.321,1.586914,-0.864258
3.322,1.582031,-0.849609
3.323,1.5625,-0.825195
3.324,1.547852,-0.800781
3.325,1.52832,-0.776367
3.326,1.513672,-0.742188
3.327,1.499024,-0.693359
3.328,1.484375,-0.615234
3.329,1.469727,-0.400391
3.33,1.459961,-0.161133
3.331,1.44043,0.092773
3.332,1.430664,0.341797
3.333,1.416016,0.59082
3.334,1.401367,0.839844
3.335,1.386719,1.083984
3.336,1.376953,1.323242
3.337,1.357422,1.5625
3.338,1.347656,1.78711
3.339,1.337891,1.953125
3.34,1.352539,2.03125
3.341,1.386719,2.09961
3.342,1.445313,2.177735
3.343,1.523438,2.270508
3.344,1.621094,2.363281
3.345,1.723633,2.470703
3.346,1.831055,2.592774
3.347,1.948242,2.705078
3.348,2.055664,2.822266
3.349,2.167969,2.929688
3.35,2.280274,3.041992
3.351,2.382813,3.139649
3.352,2.480469,3.237305
3.353,2.573242,3.320313
3.354,2.651367,3.388672
3.355,2.72461,3.466797
3.356,2.783203,3.515625
3.357,2.836914,3.559571
3.358,2.875977,3.588868
3.359,2.905274,3.608399
3.36,2.919922,3.613282
3.361,2.924805,3.59375
3.362,2.915039,3.554688
3.363,2.900391,3.520508
3.364,2.875977,3.422852
3.365,2.841797,3.305664
3.366,2.817383,3.164063
3.367,2.783203,3.007813
3.368,2.758789,2.832032
3.369,2.72461,2.65625
3.37,2.700196,2.456055
3.371,2.670899,2.260742
3.372,2.646485,2.050781
3.373,2.617188,1.831055
3.374,2.592774,1.59668
3.375,2.563477,1.37207
3.376,2.539063,1.12793
3.377,2.509766,0.888672
3.378,2.485352,0.639649
3.379,2.456055,0.395508
3.38,2.436524,0.136719
3.381,2.407227,-0.107422
3.382,2.387696,-0.361328
3.383,2.358399,-0.571289
3.384,2.333985,-0.683594
3.385,2.314453,-0.732422
3.386,2.290039,-0.771484
3.387,2.270508,-0.795899
3.388,2.246094,-0.820313
3.389,2.22168,-0.854492
3.39,2.197266,-0.859375
3.391,2.177735,-0.883789
3.392,2.153321,-0.898438
3.393,2.133789,-0.913086
3.394,2.109375,-0.927734
3.395,2.089844,-0.947266
3.396,2.06543,-0.952149
3.397,2.050781,-0.957031
3.398,2.021485,-0.97168
3.399,2.006836,-0.976563
3.4,1.982422,-0.986328
3.401,1.967774,-0.991211
3.402,1.938477,-0.996094
3.403,1.923828,-0.996094
3.404,1.899414,-1.000977
3.405,1.879883,-1.000977
3.406,1.860352,-1.000977
3.407,1.840821,-1.000977
3.408,1.826172,-0.996094
3.409,1.801758,-0.996094
3.41,1.78711,-0.991211
3.411,1.767578,-0.986328
3.412,1.748047,-0.981445
3.413,1.728516,-0.97168
3.414,1.713867,-0.961914
3.415,1.694336,-0.952149
3.416,1.679688,-0.942383
3.417,1.660156,-0.927734
3.418,1.645508,-0.917969
3.419,1.625977,-0.898438
3.42,1.611328,-0.883789
3.421,1.591797,-0.864258
3.422,1.577149,-0.849609
3.423,1.5625,-0.830078
3.424,1.547852,-0.800781
3.425,1.533203,-0.776367
3.426,1.513672,-0.737305
3.427,1.503906,-0.698242
3.428,1.484375,-0.605469
3.429,1.47461,-0.410156
3.43,1.455078,-0.161133
3.431,1.445313,0.083008
3.432,1.430664,0.34668
3.433,1.416016,0.581055
3.434,1.396485,0.839844
3.435,1.386719,1.083984
3.436,1.37207,1.323242
3.437,1.362305,1.557617
3.438,1.347656,1.78711
3.439,1.342774,1.938477
3.44,1.347656,2.026367
3.441,1.386719,2.09961
3.442,1.450195,2.177735
3.443,1.52832,2.265625
3.444,1.621094,2.368164
3.445,1.723633,2.475586
3.446,1.831055,2.583008
3.447,1.94336,2.705078
3.448,2.060547,2.817383
3.449,2.167969,2.934571
3.45,2.285156,3.03711
3.451,2.382813,3.139649
3.452,2.485352,3.232422
3.453,2.573242,3.320313
3.454,2.651367,3.393555
3.455,2.719727,3.461914
3.456,2.783203,3.520508
3.457,2.832032,3.554688
3.458,2.875977,3.583985
3.459,2.900391,3.603516
3.46,2.915039,3.613282
3.461,2.924805,3.59375
3.462,2.919922,3.564453
3.463,2.895508,3.510743
3.464,2.871094,3.427735
3.465,2.841797,3.305664
3.466,2.8125,3.164063
3.467,2.783203,3.007813
3.468,2.758789,2.832032
3.469,2.72461,2.65625
3.47,2.700196,2.460938
3.471,2.670899,2.270508
3.472,2.646485,2.045899
3.473,2.617188,1.831055
3.474,2.592774,1.601563
3.475,2.558594,1.367188
3.476,2.539063,1.12793
3.477,2.509766,0.888672
3.478,2.485352,0.634766
3.479,2.456055,0.395508
3.48,2.436524,0.151367
3.481,2.407227,-0.107422
3.482,2.387696,-0.361328
3.483,2.358399,-0.581055
3.484,2.338867,-0.688477
3.485,2.309571,-0.732422
3.486,2.294922,-0.771484
3.487,2.260742,-0.795899
3.488,2.246094,-0.825195
3.489,2.22168,-0.844727
3.49,2.202149,-0.864258
3.491,2.172852,-0.883789
3.492,2.158203,-0.898438
3.493,2.128906,-0.913086
3.494,2.109375,-0.927734
3.495,2.089844,-0.9375
3.496,2.070313,-0.952149
3.497,2.045899,-0.966797
3.498,2.026367,-0.97168
3.499,2.001953,-0.976563
3.5,1.982422,-0.986328
3.501,1.958008,-0.986328
3.502,1.94336,-0.996094
3.503,1.918946,-1.000977
3.504,1.904297,-1.000977
3.505,1.879883,-1.000977
3.506,1.860352,-1.005859
3.507,1.840821,-1.000977
3.508,1.821289,-1.000977
3.509,1.801758,-0.996094
3.51,1.78711,-0.996094
3.511,1.762695,-0.986328
3.512,1.748047,-0.976563
3.513,1.728516,-0.97168
3.514,1.713867,-0.966797
3.515,1.694336,-0.957031
3.516,1.674805,-0.942383
3.517,1.655274,-0.927734
3.518,1.640625,-0.917969
3.519,1.625977,-0.90332
3.52,1.606445,-0.883789
3.521,1.591797,-0.869141
3.522,1.572266,-0.854492
3.523,1.5625,-0.830078
3.524,1.542969,-0.800781
3.525,1.538086,-0.78125
3.526,1.513672,-0.742188
3.527,1.503906,-0.693359
3.528,1.484375,-0.610352
3.529,1.469727,-0.405273
3.53,1.455078,-0.15625
3.531,1.445313,0.073242
3.532,1.430664,0.341797
3.533,1.416016,0.585938
3.534,1.396485,0.839844
3.535,1.391602,1.083984
3.536,1.37207,1.323242
3.537,1.362305,1.552735
3.538,1.347656,1.78711
3.539,1.337891,1.953125
3.54,1.347656,2.021485
3.541,1.391602,2.094727
3.542,1.450195,2.172852
3.543,1.523438,2.265625
3.544,1.616211,2.358399
3.545,1.71875,2.480469
3.546,1.826172,2.587891
3.547,1.94336,2.709961
3.548,2.055664,2.8125
3.549,2.167969,2.929688
3.55,2.280274,3.03711
3.551,2.387696,3.144532
3.552,2.485352,3.232422
3.553,2.56836,3.320313
3.554,2.65625,3.393555
3.555,2.72461,3.461914
3.556,2.788086,3.515625
3.557,2.832032,3.559571
3.558,2.875977,3.583985
3.559,2.900391,3.608399
3.56,2.919922,3.608399
3.561,2.924805,3.603516
3.562,2.919922,3.564453
3.563,2.900391,3.500977
3.564,2.871094,3.432618
3.565,2.841797,3.305664
3.566,2.8125,3.164063
3.567,2.783203,3.00293
3.568,2.753907,2.836914
3.569,2.72461,2.65625
3.57,2.700196,2.460938
3.571,2.670899,2.265625
3.572,2.646485,2.050781
3.573,2.612305,1.835938
3.574,2.587891,1.601563
3.575,2.563477,1.362305
3.576,2.539063,1.118164
3.577,2.509766,0.888672
3.578,2.490235,0.634766
3.579,2.456055,0.390625
3.58,2.431641,0.136719
3.581,2.407227,-0.107422
3.582,2.387696,-0.361328
3.583,2.358399,-0.581055
3.584,2.338867,-0.688477
3.585,2.314453,-0.732422
3.586,2.290039,-0.771484
3.587,2.265625,-0.795899
3.588,2.246094,-0.825195
3.589,2.22168,-0.839844
3.59,2.202149,-0.864258
3.591,2.172852,-0.878906
3.592,2.153321,-0.898438
3.593,2.133789,-0.913086
3.594,2.109375,-0.927734
3.595,2.084961,-0.932617
3.596,2.06543,-0.952149
3.597,2.045899,-0.957031
3.598,2.026367,-0.976563
3.599,2.001953,-0.976563
3.6,1.982422,-0.986328
3.601,1.958008,-0.991211
3.602,1.94336,-0.996094
3.603,1.918946,-0.996094
3.604,1.904297,-1.000977
3.605,1.879883,-1.005859
3.606,1.865235,-1.005859
3.607,1.840821,-1.005859
3.608,1.821289,-1.000977
3.609,1.801758,-0.996094
3.61,1.782227,-0.991211
3.611,1.767578,-0.986328
3.612,1.748047,-0.981445
3.613,1.728516,-0.97168
3.614,1.713867,-0.966797
3.615,1.694336,-0.952149
3.616,1.674805,-0.9375
3.617,1.655274,-0.927734
3.618,1.640625,-0.922852
3.619,1.621094,-0.898438
3.62,1.611328,-0.888672
3.621,1.591797,-0.859375
3.622,1.577149,-0.849609
3.623,1.5625,-0.830078
3.624,1.547852,-0.805664
3.625,1.52832,-0.776367
3.626,1.513672,-0.742188
3.627,1.494141,-0.693359
3.628,1.489258,-0.610352
3.629,1.469727,-0.400391
3.63,1.459961,-0.161133
3.631,1.44043,0.092773
3.632,1.425781,0.34668
3.633,1.411133,0.605469
3.634,1.401367,0.834961
3.635,1.386719,1.079102
3.636,1.37207,1.323242
3.637,1.357422,1.557617
3.638,1.347656,1.78711
3.639,1.337891,1.953125
3.64,1.352539,2.026367
3.641,1.391602,2.094727
3.642,1.445313,2.177735
3.643,1.52832,2.270508
3.644,1.616211,2.368164
3.645,1.728516,2.475586
3.646,1.826172,2.583008
3.647,1.948242,2.700196
3.648,2.055664,2.817383
3.649,2.172852,2.934571
3.65,2.280274,3.041992
3.651,2.382813,3.139649
3.652,2.480469,3.232422
3.653,2.573242,3.310547
3.654,2.646485,3.393555
3.655,2.72461,3.447266
3.656,2.778321,3.520508
3.657,2.836914,3.554688
3.658,2.871094,3.588868
3.659,2.900391,3.603516
3.66,2.919922,3.608399
3.661,2.924805,3.59375
3.662,2.915039,3.569336
3.663,2.900391,3.510743
3.664,2.871094,3.432618
3.665,2.84668,3.305664
3.666,2.807617,3.164063
3.667,2.788086,3.00293
3.668,2.753907,2.832032
3.669,2.72461,2.651367
3.67,2.700196,2.465821
3.671,2.670899,2.260742
3.672,2.641602,2.055664
3.673,2.617188,1.831055
3.674,2.587891,1.606445
3.675,2.563477,1.367188
3.676,2.539063,1.132813
3.677,2.509766,0.883789
3.678,2.480469,0.634766
3.679,2.456055,0.385742
3.68,2.431641,0.141602
3.681,2.407227,-0.107422
3.682,2.382813,-0.366211
3.683,2.358399,-0.576172
3.684,2.338867,-0.688477
3.685,2.309571,-0.732422
3.686,2.290039,-0.771484
3.687,2.265625,-0.795899
3.688,2.246094,-0.820313
3.689,2.22168,-0.844727
3.69,2.202149,-0.864258
3.691,2.177735,-0.878906
3.692,2.153321,-0.898438
3.693,2.133789,-0.913086
3.694,2.109375,-0.927734
3.695,2.084961,-0.9375
3.696,2.070313,-0.952149
3.697,2.041016,-0.961914
3.698,2.026367,-0.97168
3.699,2.001953,-0.981445
3.7,1.982422,-0.986328
3.701,1.958008,-0.991211
3.702,1.938477,-0.991211
3.703,1.918946,-1.000977
3.704,1.899414,-1.000977
3.705,1.879883,-1.000977
3.706,1.860352,-1.000977
3.707,1.840821,-1.000977
3.708,1.826172,-0.996094
3.709,1.806641,-0.996094
3.71,1.782227,-0.991211
3.711,1.767578,-0.986328
3.712,1.748047,-0.976563
3.713,1.733399,-0.97168
3.714,1.708985,-0.961914
3.715,1.694336,-0.952149
3.716,1.674805,-0.9375
3.717,1.660156,-0.927734
3.718,1.640625,-0.913086
3.719,1.625977,-0.90332
3.72,1.606445,-0.883789
3.721,1.591797,-0.869141
3.722,1.577149,-0.844727
3.723,1.5625,-0.825195
3.724,1.542969,-0.805664
3.725,1.52832,-0.776367
3.726,1.513672,-0.74707
3.727,1.499024,-0.693359
3.728,1.489258,-0.615234
3.729,1.469727,-0.410156
3.73,1.459961,-0.161133
3.731,1.44043,0.092773
3.732,1.430664,0.341797
3.733,1.411133,0.585938
3.734,1.401367,0.839844
3.735,1.386719,1.088867
3.736,1.376953,1.323242
3.737,1.357422,1.557617
3.738,1.347656,1.78711
3.739,1.337891,1.953125
3.74,1.352539,2.021485
3.741,1.386719,2.094727
3.742,1.450195,2.172852
3.743,1.52832,2.265625
3.744,1.621094,2.368164
3.745,1.723633,2.480469
3.746,1.831055,2.587891
3.747,1.94336,2.709961
3.748,2.060547,2.822266
3.749,2.167969,2.929688
3.75,2.280274,3.03711
3.751,2.382813,3.139649
3.752,2.485352,3.232422
3.753,2.573242,3.310547
3.754,2.65625,3.398438
3.755,2.719727,3.452149
3.756,2.783203,3.500977
3.757,2.832032,3.554688
3.758,2.871094,3.588868
3.759,2.900391,3.603516
3.76,2.919922,3.608399
3.761,2.919922,3.603516
3.762,2.919922,3.564453
3.763,2.895508,3.496094
3.764,2.875977,3.427735
3.765,2.841797,3.305664
3.766,2.8125,3.164063
3.767,2.788086,3.00293
3.768,2.758789,2.832032
3.769,2.72461,2.651367
3.77,2.695313,2.456055
3.771,2.670899,2.25586
3.772,2.641602,2.045899
3.773,2.612305,1.835938
3.774,2.592774,1.601563
3.775,2.558594,1.37207
3.776,2.539063,1.12793
3.777,2.509766,0.878906
3.778,2.485352,0.639649
3.779,2.456055,0.400391
3.78,2.436524,0.136719
3.781,2.407227,-0.112305
3.782,2.382813,-0.366211
3.783,2.358399,-0.581055
3.784,2.338867,-0.683594
3.785,2.309571,-0.737305
3.786,2.290039,-0.771484
3.787,2.270508,-0.800781
3.788,2.241211,-0.834961
3.789,2.226563,-0.839844
3.79,2.202149,-0.864258
3.791,2.172852,-0.878906
3.792,2.153321,-0.898438
3.793,2.133789,-0.913086
3.794,2.114258,-0.927734
3.795,2.089844,-0.9375
3.796,2.070313,-0.961914
3.797,2.045899,-0.97168
3.798,2.026367,-0.97168
3.799,2.001953,-0.976563
3.8,1.982422,-0.986328
3.801,1.962891,-0.991211
3.802,1.94336,-0.996094
3.803,1.918946,-0.996094
3.804,1.899414,-0.996094
3.805,1.879883,-0.991211
3.806,1.860352,-1.000977
3.807,1.840821,-1.000977
3.808,1.821289,-1.000977
3.809,1.801758,-0.996094
3.81,1.78711,-0.991211
3.811,1.767578,-0.981445
3.812,1.748047,-0.976563
3.813,1.728516,-0.97168
3.814,1.713867,-0.966797
3.815,1.694336,-0.952149
3.816,1.679688,-0.942383
3.817,1.660156,-0.932617
3.818,1.645508,-0.917969
3.819,1.625977,-0.898438
3.82,1.611328,-0.883789
3.821,1.591797,-0.864258
3.822,1.577149,-0.849609
3.823,1.557617,-0.825195
3.824,1.547852,-0.805664
3.825,1.52832,-0.776367
3.826,1.518555,-0.742188
3.827,1.499024,-0.693359
3.828,1.489258,-0.615234
3.829,1.469727,-0.405273
3.83,1.455078,-0.161133
3.831,1.44043,0.092773
3.832,1.430664,0.336914
3.833,1.411133,0.585938
3.834,1.401367,0.839844
3.835,1.386719,1.079102
3.836,1.37207,1.323242
3.837,1.357422,1.557617
3.838,1.347656,1.78711
3.839,1.337891,1.953125
3.84,1.347656,2.026367
3.841,1.386719,2.094727
3.842,1.445313,2.172852
3.843,1.52832,2.265625
3.844,1.616211,2.368164
3.845,1.723633,2.470703
3.846,1.826172,2.587891
3.847,1.948242,2.700196
3.848,2.050781,2.817383
3.849,2.172852,2.929688
3.85,2.280274,3.041992
3.851,2.382813,3.144532
3.852,2.475586,3.232422
3.853,2.573242,3.325196
3.854,2.651367,3.393555
3.855,2.72461,3.457032
3.856,2.783203,3.525391
3.857,2.832032,3.554688
3.858,2.871094,3.588868
3.859,2.900391,3.608399
3.86,2.919922,3.613282
3.861,2.919922,3.598633
3.862,2.915039,3.564453
3.863,2.900391,3.50586
3.864,2.871094,3.427735
3.865,2.841797,3.310547
3.866,2.8125,3.15918
3.867,2.783203,3.00293
3.868,2.758789,2.827149
3.869,2.72461,2.651367
3.87,2.700196,2.460938
3.871,2.666016,2.260742
3.872,2.641602,2.055664
3.873,2.617188,1.826172
3.874,2.592774,1.601563
3.875,2.563477,1.376953
3.876,2.539063,1.123047
3.877,2.509766,0.888672
3.878,2.485352,0.639649
3.879,2.456055,0.390625
3.88,2.436524,0.12207
3.881,2.407227,-0.107422
3.882,2.387696,-0.361328
3.883,2.358399,-0.581055
3.884,2.338867,-0.683594
3.885,2.309571,-0.737305
3.886,2.294922,-0.771484
3.887,2.265625,-0.795899
3.888,2.246094,-0.825195
3.889,2.22168,-0.844727
3.89,2.202149,-0.864258
3.891,2.177735,-0.878906
3.892,2.153321,-0.898438
3.893,2.128906,-0.908203
3.894,2.114258,-0.927734
3.895,2.084961,-0.942383
3.896,2.06543,-0.952149
3.897,2.045899,-0.961914
3.898,2.026367,-0.976563
3.899,2.001953,-0.976563
3.9,1.987305,-0.986328
3.901,1.962891,-0.991211
3.902,1.94336,-0.996094
3.903,1.918946,-0.996094
3.904,1.899414,-1.000977
3.905,1.879883,-1.000977
3.906,1.860352,-1.005859
3.907,1.840821,-1.000977
3.908,1.826172,-1.000977
3.909,1.801758,-0.996094
3.91,1.78711,-0.991211
3.911,1.762695,-0.986328
3.912,1.748047,-0.976563
3.913,1.733399,-0.97168
3.914,1.708985,-0.966797
3.915,1.694336,-0.957031
3.916,1.674805,-0.9375
3.917,1.660156,-0.927734
3.918,1.640625,-0.917969
3.919,1.625977,-0.90332
3.92,1.611328,-0.883789
3.921,1.591797,-0.874024
3.922,1.577149,-0.849609
3.923,1.5625,-0.825195
3.924,1.547852,-0.805664
3.925,1.533203,-0.776367
3.926,1.513672,-0.742188
3.927,1.499024,-0.698242
3.928,1.484375,-0.610352
3.929,1.469727,-0.410156
3.93,1.455078,-0.151367
3.931,1.445313,0.087891
3.932,1.430664,0.336914
3.933,1.411133,0.59082
3.934,1.401367,0.844727
3.935,1.386719,1.079102
3.936,1.37207,1.328125
3.937,1.362305,1.5625
3.938,1.347656,1.78711
3.939,1.342774,1.958008
3.94,1.347656,2.026367
3.941,1.391602,2.094727
3.942,1.450195,2.177735
3.943,1.52832,2.265625
3.944,1.621094,2.368164
3.945,1.723633,2.475586
3.946,1.831055,2.592774
3.947,1.948242,2.69043
3.948,2.055664,2.822266
3.949,2.167969,2.929688
3.95,2.280274,3.03711
3.951,2.37793,3.139649
3.952,2.485352,3.232422
3.953,2.573242,3.325196
3.954,2.65625,3.398438
3.955,2.719727,3.452149
3.956,2.783203,3.515625
3.957,2.832032,3.554688
3.958,2.875977,3.588868
3.959,2.900391,3.603516
3.96,2.919922,3.608399
3.961,2.924805,3.603516
3.962,2.919922,3.564453
3.963,2.895508,3.515625
3.964,2.875977,3.427735
3.965,2.841797,3.300782
3.966,2.8125,3.164063
3.967,2.783203,3.00293
3.968,2.753907,2.832032
3.969,2.729492,2.651367
3.97,2.700196,2.460938
3.971,2.670899,2.265625
3.972,2.641602,2.055664
3.973,2.617188,1.831055
3.974,2.587891,1.606445
3.975,2.563477,1.367188
3.976,2.53418,1.123047
3.977,2.509766,0.878906
3.978,2.480469,0.639649
3.979,2.460938,0.375977
3.98,2.431641,0.131836
3.981,2.407227,-0.107422
3.982,2.387696,-0.361328
3.983,2.363281,-0.581055
3.984,2.338867,-0.683594
3.985,2.314453,-0.732422
3.986,2.285156,-0.766602
3.987,2.270508,-0.800781
3.988,2.241211,-0.81543
3.989,2.226563,-0.839844
3.99,2.197266,-0.864258
3.991,2.177735,-0.883789
3.992,2.153321,-0.893555
3.993,2.133789,-0.917969
3.994,2.109375,-0.927734
3.995,2.089844,-0.942383
3.996,2.06543,-0.952149
3.997,2.050781,-0.961914
3.998,2.021485,-0.966797
3.999,2.001953,-0.981445
4,1.982422,-0.986328
4.001,1.958008,-0.991211
4.002,1.94336,-0.996094
4.003,1.923828,-1.000977
4.004,1.899414,-1.005859
4.005,1.879883,-1.010742
4.006,1.860352,-0.996094
4.007,1.840821,-1.000977
4.008,1.821289,-1.000977
4.009,1.801758,-0.996094
4.01,1.78711,-0.991211
4.011,1.762695,-0.986328
4.012,1.75293,-0.981445
4.013,1.728516,-0.97168
4.014,1.713867,-0.966797
4.015,1.694336,-0.952149
4.016,1.674805,-0.942383
4.017,1.655274,-0.927734
4.018,1.645508,-0.917969
4.019,1.625977,-0.90332
4.02,1.611328,-0.888672
4.021,1.591797,-0.869141
4.022,1.577149,-0.849609
4.023,1.5625,-0.825195
4.024,1.547852,-0.805664
4.025,1.52832,-0.771484
4.026,1.518555,-0.74707
4.027,1.499024,-0.698242
4.028,1.489258,-0.610352
4.029,1.469727,-0.405273
4.03,1.455078,-0.161133
4.031,1.44043,0.097656
4.032,1.430664,0.341797
4.033,1.411133,0.59082
4.034,1.401367,0.839844
4.035,1.386719,1.088867
4.036,1.37207,1.328125
4.037,1.357422,1.5625
4.038,1.347656,1.78711
4.039,1.337891,1.948242
4.04,1.347656,2.026367
4.041,1.386719,2.094727
4.042,1.450195,2.172852
4.043,1.52832,2.265625
4.044,1.616211,2.363281
4.045,1.71875,2.475586
4.046,1.835938,2.587891
4.047,1.94336,2.705078
4.048,2.060547,2.817383
4.049,2.167969,2.929688
4.05,2.280274,3.041992
4.051,2.382813,3.139649
4.052,2.480469,3.237305
4.053,2.573242,3.320313
4.054,2.651367,3.398438
4.055,2.719727,3.457032
4.056,2.783203,3.515625
4.057,2.832032,3.554688
4.058,2.871094,3.588868
4.059,2.900391,3.608399
4.06,2.919922,3.613282
4.061,2.924805,3.59375
4.062,2.915039,3.554688
4.063,2.900391,3.50586
4.064,2.871094,3.427735
4.065,2.84668,3.305664
4.066,2.8125,3.164063
4.067,2.783203,3.00293
4.068,2.753907,2.827149
4.069,2.72461,2.641602
4.07,2.695313,2.456055
4.071,2.670899,2.260742
4.072,2.641602,2.055664
4.073,2.617188,1.835938
4.074,2.587891,1.606445
4.075,2.563477,1.367188
4.076,2.53418,1.12793
4.077,2.509766,0.878906
4.078,2.485352,0.644531
4.079,2.460938,0.385742
4.08,2.431641,0.141602
4.081,2.41211,-0.112305
4.082,2.382813,-0.356445
4.083,2.363281,-0.581055
4.084,2.333985,-0.683594
4.085,2.314453,-0.732422
4.086,2.290039,-0.771484
4.087,2.270508,-0.800781
4.088,2.246094,-0.820313
4.089,2.226563,-0.844727
4.09,2.197266,-0.859375
4.091,2.177735,-0.883789
4.092,2.153321,-0.898438
4.093,2.133789,-0.913086
4.094,2.109375,-0.927734
4.095,2.089844,-0.9375
4.096,2.06543,-0.957031
4.097,2.050781,-0.976563
4.098,2.021485,-0.97168
4.099,2.006836,-0.976563
4.1,1.982422,-0.981445
4.101,1.962891,-0.991211
4.102,1.94336,-0.991211
4.103,1.923828,-0.996094
4.104,1.899414,-0.996094
4.105,1.879883,-1.000977
4.106,1.860352,-0.991211
4.107,1.845703,-1.000977
4.108,1.821289,-0.996094
4.109,1.806641,-1.000977
4.11,1.78711,-0.991211
4.111,1.767578,-0.991211
4.112,1.748047,-0.981445
4.113,1.728516,-0.97168
4.114,1.708985,-0.961914
4.115,1.694336,-0.952149
4.116,1.674805,-0.942383
4.117,1.660156,-0.927734
4.118,1.640625,-0.913086
4.119,1.625977,-0.90332
4.12,1.606445,-0.883789
4.121,1.59668,-0.869141
4.122,1.572266,-0.849609
4.123,1.5625,-0.839844
4.124,1.542969,-0.805664
4.125,1.52832,-0.776367
4.126,1.518555,-0.742188
4.127,1.499024,-0.693359
4.128,1.484375,-0.610352
4.129,1.47461,-0.395508
4.13,1.455078,-0.161133
4.131,1.445313,0.087891
4.132,1.425781,0.341797
4.133,1.416016,0.59082
4.134,1.401367,0.834961
4.135,1.386719,1.079102
4.136,1.376953,1.313477
4.137,1.362305,1.552735
4.138,1.347656,1.78711
4.139,1.337891,1.958008
4.14,1.347656,2.026367
4.141,1.386719,2.09961
4.142,1.450195,2.172852
4.143,1.523438,2.265625
4.144,1.621094,2.363281
4.145,1.71875,2.475586
4.146,1.831055,2.587891
4.147,1.94336,2.709961
4.148,2.055664,2.817383
4.149,2.172852,2.934571
4.15,2.280274,3.041992
4.151,2.382813,3.139649
4.152,2.475586,3.237305
4.153,2.573242,3.325196
4.154,2.651367,3.388672
4.155,2.719727,3.457032
4.156,2.783203,3.515625
4.157,2.832032,3.559571
4.158,2.875977,3.588868
4.159,2.900391,3.603516
4.16,2.915039,3.613282
4.161,2.924805,3.598633
4.162,2.915039,3.564453
4.163,2.900391,3.510743
4.164,2.871094,3.427735
4.165,2.84668,3.310547
4.166,2.8125,3.168946
4.167,2.788086,3.00293
4.168,2.753907,2.84668
4.169,2.729492,2.651367
4.17,2.695313,2.460938
4.171,2.670899,2.25586
4.172,2.641602,2.055664
4.173,2.617188,1.831055
4.174,2.587891,1.611328
4.175,2.563477,1.37207
4.176,2.53418,1.123047
4.177,2.514649,0.888672
4.178,2.480469,0.644531
4.179,2.460938,0.390625
4.18,2.431641,0.141602
4.181,2.41211,-0.112305
4.182,2.382813,-0.361328
4.183,2.363281,-0.576172
4.184,2.333985,-0.683594
4.185,2.314453,-0.732422
4.186,2.290039,-0.771484
4.187,2.265625,-0.800781
4.188,2.246094,-0.820313
4.189,2.22168,-0.849609
4.19,2.197266,-0.864258
4.191,2.172852,-0.883789
4.192,2.153321,-0.898438
4.193,2.133789,-0.917969
4.194,2.109375,-0.932617
4.195,2.089844,-0.9375
4.196,2.06543,-0.947266
4.197,2.045899,-0.961914
4.198,2.021485,-0.97168
4.199,2.001953,-0.976563
4.2,1.982422,-0.991211
4.201,1.958008,-0.991211
4.202,1.94336,-0.991211
4.203,1.918946,-0.996094
4.204,1.904297,-1.000977
4.205,1.879883,-1.000977
4.206,1.860352,-1.000977
4.207,1.840821,-1.000977
4.208,1.826172,-1.000977
4.209,1.801758,-0.996094
4.21,1.782227,-0.996094
4.211,1.767578,-0.986328
4.212,1.748047,-0.981445
4.213,1.728516,-0.97168
4.214,1.713867,-0.961914
4.215,1.694336,-0.952149
4.216,1.679688,-0.942383
4.217,1.660156,-0.927734
4.218,1.640625,-0.917969
4.219,1.621094,-0.898438
4.22,1.606445,-0.893555
4.221,1.59668,-0.869141
4.222,1.577149,-0.844727
4.223,1.5625,-0.830078
4.224,1.542969,-0.800781
4.225,1.533203,-0.78125
4.226,1.513672,-0.742188
4.227,1.499024,-0.698242
4.228,1.484375,-0.610352
4.229,1.47461,-0.400391
4.23,1.455078,-0.15625
4.231,1.445313,0.097656
4.232,1.425781,0.34668
4.233,1.416016,0.59082
4.234,1.401367,0.844727
4.235,1.386719,1.079102
4.236,1.37207,1.323242
4.237,1.357422,1.5625
4.238,1.347656,1.78711
4.239,1.337891,1.953125
4.24,1.347656,2.026367
4.241,1.391602,2.094727
4.242,1.450195,2.172852
4.243,1.52832,2.265625
4.244,1.621094,2.368164
4.245,1.71875,2.470703
4.246,1.831055,2.587891
4.247,1.94336,2.705078
4.248,2.060547,2.817383
4.249,2.167969,2.929688
4.25,2.280274,3.032227
4.251,2.382813,3.144532
4.252,2.480469,3.232422
4.253,2.573242,3.320313
4.254,2.65625,3.398438
4.255,2.719727,3.461914
4.256,2.783203,3.510743
4.257,2.836914,3.554688
4.258,2.871094,3.588868
4.259,2.900391,3.603516
4.26,2.915039,3.613282
4.261,2.924805,3.59375
4.262,2.915039,3.574219
4.263,2.900391,3.510743
4.264,2.871094,3.427735
4.265,2.84668,3.300782
4.266,2.8125,3.15918
4.267,2.783203,2.998047
4.268,2.753907,2.836914
4.269,2.72461,2.651367
4.27,2.700196,2.465821
4.271,2.670899,2.260742
4.272,2.641602,2.050781
4.273,2.617188,1.821289
4.274,2.592774,1.606445
4.275,2.563477,1.367188
4.276,2.539063,1.12793
4.277,2.509766,0.878906
4.278,2.485352,0.629883
4.279,2.456055,0.395508
4.28,2.431641,0.141602
4.281,2.407227,-0.107422
4.282,2.387696,-0.366211
4.283,2.358399,-0.576172
4.284,2.338867,-0.683594
4.285,2.309571,-0.732422
4.286,2.290039,-0.766602
4.287,2.265625,-0.795899
4.288,2.246094,-0.825195
4.289,2.22168,-0.844727
4.29,2.192383,-0.869141
4.291,2.172852,-0.883789
4.292,2.153321,-0.898438
4.293,2.128906,-0.913086
4.294,2.109375,-0.927734
4.295,2.089844,-0.9375
4.296,2.06543,-0.942383
4.297,2.045899,-0.961914
4.298,2.021485,-0.966797
4.299,2.006836,-0.976563
4.3,1.982422,-0.981445
4.301,1.962891,-0.991211
4.302,1.938477,-0.996094
4.303,1.918946,-0.996094
4.304,1.899414,-1.000977
4.305,1.879883,-1.005859
4.306,1.860352,-1.000977
4.307,1.840821,-1.005859
4.308,1.821289,-0.996094
4.309,1.801758,-1.000977
4.31,1.782227,-0.996094
4.311,1.762695,-0.986328
4.312,1.748047,-0.981445
4.313,1.728516,-0.97168
4.314,1.713867,-0.961914
4.315,1.694336,-0.952149
4.316,1.679688,-0.942383
4.317,1.660156,-0.927734
4.318,1.640625,-0.913086
4.319,1.625977,-0.898438
4.32,1.611328,-0.883789
4.321,1.59668,-0.864258
4.322,1.577149,-0.849609
4.323,1.557617,-0.825195
4.324,1.542969,-0.805664
4.325,1.52832,-0.771484
4.326,1.513672,-0.742188
4.327,1.499024,-0.698242
4.328,1.484375,-0.610352
4.329,1.469727,-0.405273
4.33,1.455078,-0.161133
4.331,1.445313,0.087891
4.332,1.425781,0.341797
4.333,1.416016,0.585938
4.334,1.396485,0.834961
4.335,1.386719,1.083984
4.336,1.37207,1.328125
4.337,1.362305,1.547852
4.338,1.347656,1.791992
4.339,1.342774,1.933594
4.34,1.347656,2.03125
4.341,1.391602,2.094727
4.342,1.445313,2.177735
4.343,1.52832,2.265625
4.344,1.616211,2.368164
4.345,1.723633,2.470703
4.346,1.831055,2.587891
4.347,1.948242,2.700196
4.348,2.055664,2.822266
4.349,2.172852,2.929688
4.35,2.275391,3.041992
4.351,2.382813,3.139649
4.352,2.480469,3.237305
4.353,2.573242,3.320313
4.354,2.651367,3.398438
4.355,2.72461,3.461914
4.356,2.783203,3.515625
4.357,2.832032,3.559571
4.358,2.875977,3.583985
4.359,2.900391,3.608399
4.36,2.919922,3.608399
4.361,2.919922,3.598633
4.362,2.919922,3.564453
4.363,2.895508,3.510743
4.364,2.875977,3.427735
4.365,2.84668,3.305664
4.366,2.817383,3.164063
4.367,2.783203,3.00293
4.368,2.758789,2.832032
4.369,2.729492,2.65625
4.37,2.700196,2.465821
4.371,2.666016,2.270508
4.372,2.641602,2.050781
4.373,2.612305,1.831055
4.374,2.592774,1.606445
4.375,2.563477,1.367188
4.376,2.53418,1.123047
4.377,2.509766,0.883789
4.378,2.485352,0.644531
4.379,2.460938,0.395508
4.38,2.431641,0.141602
4.381,2.41211,-0.117188
4.382,2.382813,-0.356445
4.383,2.363281,-0.581055
4.384,2.338867,-0.683594
4.385,2.314453,-0.732422
4.386,2.290039,-0.771484
4.387,2.265625,-0.791016
4.388,2.241211,-0.820313
4.389,2.22168,-0.844727
4.39,2.197266,-0.859375
4.391,2.177735,-0.878906
4.392,2.153321,-0.893555
4.393,2.133789,-0.917969
4.394,2.109375,-0.927734
4.395,2.089844,-0.947266
4.396,2.06543,-0.952149
4.397,2.045899,-0.961914
4.398,2.026367,-0.966797
4.399,2.001953,-0.981445
4.4,1.982422,-0.981445
4.401,1.962891,-0.996094
4.402,1.94336,-0.996094
4.403,1.923828,-1.000977
4.404,1.899414,-0.991211
4.405,1.879883,-1.000977
4.406,1.860352,-1.005859
4.407,1.840821,-0.996094
4.408,1.826172,-1.000977
4.409,1.801758,-0.996094
4.41,1.78711,-0.991211
4.411,1.762695,-0.986328
4.412,1.748047,-0.976563
4.413,1.728516,-0.97168
4.414,1.708985,-0.957031
4.415,1.694336,-0.952149
4.416,1.674805,-0.9375
4.417,1.660156,-0.927734
4.418,1.640625,-0.917969
4.419,1.621094,-0.898438
4.42,1.611328,-0.883789
4.421,1.586914,-0.864258
4.422,1.577149,-0.849609
4.423,1.5625,-0.839844
4.424,1.547852,-0.805664
4.425,1.52832,-0.776367
4.426,1.518555,-0.742188
4.427,1.499024,-0.693359
4.428,1.489258,-0.605469
4.429,1.469727,-0.400391
4.43,1.459961,-0.161133
4.431,1.44043,0.083008
4.432,1.430664,0.341797
4.433,1.411133,0.585938
4.434,1.401367,0.830078
4.435,1.386719,1.088867
4.436,1.37207,1.313477
4.437,1.357422,1.567383
4.438,1.347656,1.782227
4.439,1.337891,1.953125
4.44,1.347656,2.03125
4.441,1.386719,2.094727
4.442,1.445313,2.177735
4.443,1.52832,2.265625
4.444,1.621094,2.368164
4.445,1.728516,2.470703
4.446,1.826172,2.592774
4.447,1.948242,2.695313
4.448,2.060547,2.817383
4.449,2.172852,2.929688
4.45,2.280274,3.03711
4.451,2.382813,3.139649
4.452,2.480469,3.237305
4.453,2.56836,3.330078
4.454,2.65625,3.398438
4.455,2.72461,3.457032
4.456,2.783203,3.515625
4.457,2.832032,3.554688
4.458,2.871094,3.588868
4.459,2.900391,3.608399
4.46,2.915039,3.613282
4.461,2.924805,3.598633
4.462,2.915039,3.559571
4.463,2.900391,3.515625
4.464,2.871094,3.422852
4.465,2.841797,3.310547
4.466,2.8125,3.164063
4.467,2.783203,3.00293
4.468,2.753907,2.836914
4.469,2.72461,2.65625
4.47,2.700196,2.460938
4.471,2.670899,2.265625
4.472,2.641602,2.060547
4.473,2.617188,1.831055
4.474,2.587891,1.606445
4.475,2.56836,1.37207
4.476,2.539063,1.132813
4.477,2.514649,0.878906
4.478,2.485352,0.639649
4.479,2.460938,0.390625
4.48,2.431641,0.136719
4.481,2.407227,-0.112305
4.482,2.382813,-0.361328
4.483,2.363281,-0.585938
4.484,2.338867,-0.688477
4.485,2.314453,-0.732422
4.486,2.285156,-0.771484
4.487,2.265625,-0.800781
4.488,2.246094,-0.825195
4.489,2.22168,-0.839844
4.49,2.202149,-0.864258
4.491,2.172852,-0.883789
4.492,2.158203,-0.898438
4.493,2.133789,-0.917969
4.494,2.109375,-0.922852
4.495,2.084961,-0.9375
4.496,2.06543,-0.952149
4.497,2.045899,-0.961914
4.498,2.021485,-0.966797
4.499,2.006836,-0.976563
4.5,1.982422,-0.986328
4.501,1.962891,-0.991211
4.502,1.94336,-0.996094
4.503,1.923828,-0.996094
4.504,1.899414,-0.996094
4.505,1.884766,-1.000977
4.506,1.860352,-1.000977
4.507,1.845703,-1.000977
4.508,1.821289,-1.000977
4.509,1.801758,-0.996094
4.51,1.782227,-0.991211
4.511,1.762695,-0.986328
4.512,1.743164,-0.976563
4.513,1.728516,-0.97168
4.514,1.713867,-0.961914
4.515,1.694336,-0.947266
4.516,1.679688,-0.942383
4.517,1.660156,-0.932617
4.518,1.640625,-0.913086
4.519,1.625977,-0.898438
4.52,1.611328,-0.888672
4.521,1.591797,-0.874024
4.522,1.577149,-0.849609
4.523,1.5625,-0.825195
4.524,1.547852,-0.805664
4.525,1.52832,-0.776367
4.526,1.518555,-0.742188
4.527,1.499024,-0.693359
4.528,1.484375,-0.610352
4.529,1.469727,-0.410156
4.53,1.455078,-0.15625
4.531,1.445313,0.087891
4.532,1.425781,0.34668
4.533,1.416016,0.585938
4.534,1.401367,0.830078
4.535,1.386719,1.074219
4.536,1.376953,1.328125
4.537,1.362305,1.557617
4.538,1.347656,1.782227
4.539,1.337891,1.953125
4.54,1.347656,2.026367
4.541,1.386719,2.094727
4.542,1.450195,2.172852
4.543,1.52832,2.270508
4.544,1.621094,2.363281
4.545,1.723633,2.475586
4.546,1.831055,2.587891
4.547,1.938477,2.705078
4.548,2.060547,2.817383
4.549,2.172852,2.929688
4.55,2.285156,3.03711
4.551,2.382813,3.144532
4.552,2.480469,3.237305
4.553,2.56836,3.325196
4.554,2.651367,3.398438
4.555,2.72461,3.461914
4.556,2.783203,3.515625
4.557,2.836914,3.554688
4.558,2.871094,3.588868
4.559,2.900391,3.608399
4.56,2.919922,3.613282
4.561,2.924805,3.598633
4.562,2.915039,3.554688
4.563,2.900391,3.500977
4.564,2.871094,3.432618
4.565,2.84668,3.300782
4.566,2.8125,3.15918
4.567,2.783203,3.00293
4.568,2.753907,2.827149
4.569,2.72461,2.651367
4.57,2.700196,2.465821
4.571,2.670899,2.265625
4.572,2.646485,2.045899
4.573,2.612305,1.826172
4.574,2.592774,1.611328
4.575,2.563477,1.367188
4.576,2.539063,1.12793
4.577,2.509766,0.878906
4.578,2.485352,0.634766
4.579,2.456055,0.390625
4.58,2.436524,0.141602
4.581,2.407227,-0.107422
4.582,2.387696,-0.351563
4.583,2.358399,-0.576172
4.584,2.338867,-0.683594
4.585,2.314453,-0.732422
4.586,2.290039,-0.766602
4.587,2.270508,-0.800781
4.588,2.246094,-0.825195
4.589,2.226563,-0.844727
4.59,2.197266,-0.859375
4.591,2.177735,-0.883789
4.592,2.153321,-0.893555
4.593,2.133789,-0.913086
4.594,2.109375,-0.927734
4.595,2.089844,-0.942383
4.596,2.06543,-0.952149
4.597,2.045899,-0.961914
4.598,2.026367,-0.97168
4.599,2.001953,-0.976563
4.6,1.982422,-0.986328
4.601,1.962891,-0.991211
4.602,1.94336,-0.996094
4.603,1.918946,-1.000977
4.604,1.904297,-1.000977
4.605,1.879883,-1.000977
4.606,1.865235,-0.996094
4.607,1.840821,-1.000977
4.608,1.826172,-0.996094
4.609,1.801758,-0.996094
4.61,1.78711,-0.991211
4.611,1.762695,-0.986328
4.612,1.748047,-0.981445
4.613,1.728516,-0.97168
4.614,1.713867,-0.966797
4.615,1.689453,-0.952149
4.616,1.674805,-0.942383
4.617,1.660156,-0.927734
4.618,1.640625,-0.913086
4.619,1.625977,-0.898438
4.62,1.606445,-0.883789
4.621,1.591797,-0.869141
4.622,1.577149,-0.844727
4.623,1.5625,-0.825195
4.624,1.547852,-0.805664
4.625,1.533203,-0.776367
4.626,1.513672,-0.742188
4.627,1.503906,-0.693359
4.628,1.484375,-0.605469
4.629,1.469727,-0.410156
4.63,1.455078,-0.15625
4.631,1.44043,0.087891
4.632,1.430664,0.341797
4.633,1.416016,0.585938
4.634,1.40625,0.834961
4.635,1.386719,1.083984
4.636,1.376953,1.328125
4.637,1.357422,1.557617
4.638,1.347656,1.796875
4.639,1.337891,1.953125
4.64,1.347656,2.03125
4.641,1.386719,2.094727
4.642,1.450195,2.177735
4.643,1.533203,2.265625
4.644,1.621094,2.368164
4.645,1.723633,2.480469
4.646,1.831055,2.592774
4.647,1.94336,2.700196
4.648,2.055664,2.817383
4.649,2.167969,2.929688
4.65,2.275391,3.041992
4.651,2.382813,3.139649
4.652,2.485352,3.237305
4.653,2.573242,3.320313
4.654,2.651367,3.393555
4.655,2.72461,3.461914
4.656,2.783203,3.500977
4.657,2.832032,3.554688
4.658,2.875977,3.588868
4.659,2.900391,3.603516
4.66,2.919922,3.608399
4.661,2.924805,3.603516
4.662,2.919922,3.564453
4.663,2.895508,3.510743
4.664,2.871094,3.427735
4.665,2.84668,3.305664
4.666,2.8125,3.164063
4.667,2.788086,3.00293
4.668,2.753907,2.832032
4.669,2.729492,2.646485
4.67,2.700196,2.460938
4.671,2.670899,2.265625
4.672,2.641602,2.045899
4.673,2.617188,1.826172
4.674,2.587891,1.606445
4.675,2.56836,1.367188
4.676,2.53418,1.12793
4.677,2.514649,0.883789
4.678,2.480469,0.649414
4.679,2.456055,0.390625
4.68,2.431641,0.141602
4.681,2.41211,-0.107422
4.682,2.387696,-0.356445
4.683,2.358399,-0.585938
4.684,2.338867,-0.683594
4.685,2.314453,-0.732422
4.686,2.294922,-0.771484
4.687,2.265625,-0.795899
4.688,2.246094,-0.81543
4.689,2.22168,-0.844727
4.69,2.202149,-0.869141
4.691,2.172852,-0.878906
4.692,2.153321,-0.898438
4.693,2.128906,-0.913086
4.694,2.114258,-0.927734
4.695,2.089844,-0.9375
4.696,2.070313,-0.952149
4.697,2.045899,-0.961914
4.698,2.026367,-0.976563
4.699,2.001953,-0.976563
4.7,1.982422,-0.986328
4.701,1.958008,-0.991211
4.702,1.94336,-0.996094
4.703,1.918946,-1.000977
4.704,1.899414,-1.000977
4.705,1.879883,-1.005859
4.706,1.860352,-1.000977
4.707,1.840821,-1.000977
4.708,1.826172,-0.996094
4.709,1.806641,-1.000977
4.71,1.78711,-0.991211
4.711,1.767578,-0.991211
4.712,1.748047,-0.966797
4.713,1.733399,-0.97168
4.714,1.708985,-0.961914
4.715,1.694336,-0.952149
4.716,1.674805,-0.942383
4.717,1.660156,-0.927734
4.718,1.645508,-0.913086
4.719,1.625977,-0.898438
4.72,1.611328,-0.893555
4.721,1.586914,-0.869141
4.722,1.577149,-0.849609
4.723,1.5625,-0.820313
4.724,1.547852,-0.805664
4.725,1.533203,-0.771484
4.726,1.518555,-0.742188
4.727,1.499024,-0.693359
4.728,1.489258,-0.615234
4.729,1.469727,-0.405273
4.73,1.459961,-0.15625
4.731,1.44043,0.087891
4.732,1.430664,0.34668
4.733,1.416016,0.585938
4.734,1.401367,0.834961
4.735,1.386719,1.083984
4.736,1.37207,1.323242
4.737,1.362305,1.557617
4.738,1.347656,1.78711
4.739,1.337891,1.953125
4.74,1.347656,2.03125
4.741,1.386719,2.094727
4.742,1.445313,2.177735
4.743,1.52832,2.265625
4.744,1.616211,2.368164
4.745,1.728516,2.470703
4.746,1.826172,2.587891
4.747,1.948242,2.700196
4.748,2.055664,2.827149
4.749,2.172852,2.934571
4.75,2.280274,3.041992
4.751,2.382813,3.139649
4.752,2.475586,3.237305
4.753,2.573242,3.320313
4.754,2.65625,3.393555
4.755,2.72461,3.461914
4.756,2.783203,3.500977
4.757,2.832032,3.554688
4.758,2.871094,3.588868
4.759,2.900391,3.608399
4.76,2.919922,3.608399
4.761,2.924805,3.59375
4.762,2.915039,3.564453
4.763,2.895508,3.496094
4.764,2.871094,3.422852
4.765,2.841797,3.305664
4.766,2.817383,3.164063
4.767,2.783203,3.00293
4.768,2.758789,2.836914
4.769,2.72461,2.651367
4.77,2.700196,2.465821
4.771,2.670899,2.265625
4.772,2.641602,2.060547
4.773,2.617188,1.826172
4.774,2.587891,1.601563
4.775,2.563477,1.37207
4.776,2.539063,1.12793
4.777,2.509766,0.883789
4.778,2.485352,0.634766
4.779,2.460938,0.390625
4.78,2.436524,0.151367
4.781,2.407227,-0.102539
4.782,2.387696,-0.361328
4.783,2.358399,-0.576172
4.784,2.338867,-0.688477
4.785,2.314453,-0.732422
4.786,2.290039,-0.771484
4.787,2.265625,-0.795899
4.788,2.246094,-0.825195
4.789,2.22168,-0.839844
4.79,2.197266,-0.864258
4.791,2.172852,-0.878906
4.792,2.153321,-0.898438
4.793,2.133789,-0.913086
4.794,2.109375,-0.927734
4.795,2.089844,-0.9375
4.796,2.06543,-0.952149
4.797,2.041016,-0.957031
4.798,2.026367,-0.961914
4.799,2.001953,-0.981445
4.8,1.987305,-0.986328
4.801,1.962891,-0.991211
4.802,1.938477,-0.996094
4.803,1.918946,-1.000977
4.804,1.899414,-1.000977
4.805,1.879883,-1.005859
4.806,1.860352,-1.000977
4.807,1.840821,-1.005859
4.808,1.821289,-1.000977
4.809,1.801758,-0.996094
4.81,1.782227,-0.991211
4.811,1.767578,-0.986328
4.812,1.75293,-0.981445
4.813,1.728516,-0.97168
4.814,1.713867,-0.966797
4.815,1.694336,-0.952149
4.816,1.674805,-0.942383
4.817,1.660156,-0.927734
4.818,1.640625,-0.913086
4.819,1.625977,-0.90332
4.82,1.611328,-0.883789
4.821,1.591797,-0.869141
4.822,1.572266,-0.844727
4.823,1.5625,-0.825195
4.824,1.542969,-0.800781
4.825,1.533203,-0.776367
4.826,1.513672,-0.742188
4.827,1.503906,-0.698242
4.828,1.484375,-0.610352
4.829,1.47461,-0.405273
4.83,1.459961,-0.15625
4.831,1.44043,0.092773
4.832,1.425781,0.341797
4.833,1.416016,0.59082
4.834,1.401367,0.839844
4.835,1.386719,1.079102
4.836,1.376953,1.31836
4.837,1.357422,1.552735
4.838,1.352539,1.782227
4.839,1.337891,1.938477
4.84,1.352539,2.026367
4.841,1.386719,2.094727
4.842,1.450195,2.172852
4.843,1.52832,2.270508
4.844,1.621094,2.363281
4.845,1.71875,2.475586
4.846,1.831055,2.587891
4.847,1.938477,2.705078
4.848,2.060547,2.817383
4.849,2.167969,2.929688
4.85,2.280274,3.03711
4.851,2.382813,3.144532
4.852,2.480469,3.232422
4.853,2.56836,3.31543
4.854,2.65625,3.398438
4.855,2.719727,3.457032
4.856,2.783203,3.515625
4.857,2.832032,3.559571
4.858,2.871094,3.588868
4.859,2.900391,3.603516
4.86,2.915039,3.608399
4.861,2.924805,3.598633
4.862,2.915039,3.564453
4.863,2.900391,3.510743
4.864,2.871094,3.432618
4.865,2.84668,3.300782
4.866,2.8125,3.164063
4.867,2.788086,3.00293
4.868,2.758789,2.836914
4.869,2.729492,2.651367
4.87,2.700196,2.465821
4.871,2.670899,2.260742
4.872,2.641602,2.060547
4.873,2.617188,1.831055
4.874,2.587891,1.611328
4.875,2.563477,1.362305
4.876,2.539063,1.132813
4.877,2.514649,0.878906
4.878,2.485352,0.639649
4.879,2.460938,0.385742
4.88,2.431641,0.136719
4.881,2.41211,-0.107422
4.882,2.382813,-0.361328
4.883,2.358399,-0.581055
4.884,2.338867,-0.683594
4.885,2.309571,-0.732422
4.886,2.290039,-0.766602
4.887,2.265625,-0.795899
4.888,2.246094,-0.825195
4.889,2.22168,-0.834961
4.89,2.202149,-0.864258
4.891,2.172852,-0.878906
4.892,2.153321,-0.898438
4.893,2.133789,-0.913086
4.894,2.109375,-0.927734
4.895,2.084961,-0.932617
4.896,2.06543,-0.952149
4.897,2.045899,-0.961914
4.898,2.026367,-0.97168
4.899,2.001953,-0.976563
4.9,1.982422,-0.986328
4.901,1.958008,-0.991211
4.902,1.94336,-0.996094
4.903,1.918946,-0.996094
4.904,1.899414,-1.000977
4.905,1.879883,-0.996094
4.906,1.860352,-1.000977
4.907,1.840821,-1.000977
4.908,1.826172,-1.000977
4.909,1.801758,-0.996094
4.91,1.78711,-0.991211
4.911,1.762695,-0.986328
4.912,1.748047,-0.981445
4.913,1.723633,-0.966797
4.914,1.713867,-0.961914
4.915,1.694336,-0.957031
4.916,1.674805,-0.942383
4.917,1.660156,-0.927734
4.918,1.645508,-0.917969
4.919,1.625977,-0.90332
4.92,1.611328,-0.888672
4.921,1.591797,-0.869141
4.922,1.572266,-0.839844
4.923,1.5625,-0.820313
4.924,1.542969,-0.805664
4.925,1.533203,-0.776367
4.926,1.518555,-0.742188
4.927,1.499024,-0.698242
4.928,1.484375,-0.610352
4.929,1.47461,-0.405273
4.93,1.455078,-0.151367
4.931,1.44043,0.097656
4.932,1.425781,0.336914
4.933,1.411133,0.59082
4.934,1.401367,0.844727
4.935,1.386719,1.083984
4.936,1.37207,1.31836
4.937,1.362305,1.5625
4.938,1.347656,1.78711
4.939,1.337891,1.953125
4.94,1.347656,2.03125
4.941,1.386719,2.094727
4.942,1.450195,2.172852
4.943,1.523438,2.265625
4.944,1.621094,2.363281
4.945,1.728516,2.475586
4.946,1.826172,2.592774
4.947,1.94336,2.700196
4.948,2.055664,2.822266
4.949,2.167969,2.924805
4.95,2.275391,3.041992
4.951,2.387696,3.139649
4.952,2.480469,3.237305
4.953,2.573242,3.320313
4.954,2.651367,3.393555
4.955,2.72461,3.461914
4.956,2.783203,3.515625
4.957,2.836914,3.554688
4.958,2.875977,3.588868
4.959,2.900391,3.608399
4.96,2.919922,3.613282
4.961,2.924805,3.598633
4.962,2.915039,3.574219
4.963,2.900391,3.50586
4.964,2.871094,3.427735
4.965,2.84668,3.300782
4.966,2.8125,3.173828
4.967,2.788086,3.00293
4.968,2.753907,2.836914
4.969,2.72461,2.646485
4.97,2.695313,2.460938
4.971,2.670899,2.260742
4.972,2.641602,2.050781
4.973,2.617188,1.821289
4.974,2.587891,1.601563
4.975,2.56836,1.367188
4.976,2.53418,1.12793
4.977,2.514649,0.883789
4.978,2.480469,0.644531
4.979,2.460938,0.395508
4.98,2.436524,0.136719
4.981,2.41211,-0.112305
4.982,2.387696,-0.351563
4.983,2.363281,-0.585938
4.984,2.333985,-0.683594
4.985,2.319336,-0.732422
4.986,2.290039,-0.766602
4.987,2.270508,-0.810547
4.988,2.241211,-0.820313
4.989,2.22168,-0.844727
4.99,2.197266,-0.864258
4.991,2.177735,-0.883789
4.992,2.153321,-0.898438
4.993,2.133789,-0.913086
4.994,2.104492,-0.922852
4.995,2.089844,-0.942383
4.996,2.06543,-0.947266
4.997,2.045899,-0.961914
4.998,2.021485,-0.97168
4.999,2.006836,-0.981445
5,1.982422,-0.986328
5.001,1.962891,-0.991211
5.002,1.938477,-0.991211
5.003,1.923828,-1.000977
5.004,1.904297,-1.000977
5.005,1.884766,-1.000977
5.006,1.860352,-1.000977
5.007,1.845703,-1.005859
5.008,1.821289,-0.996094
5.009,1.801758,-0.996094
5.01,1.782227,-0.991211
5.011,1.767578,-0.986328
5.012,1.748047,-0.976563
5.013,1.728516,-0.976563
5.014,1.708985,-0.961914
5.015,1.694336,-0.952149
5.016,1.674805,-0.942383
5.017,1.660156,-0.927734
5.018,1.640625,-0.913086
5.019,1.625977,-0.90332
5.02,1.606445,-0.883789
5.021,1.59668,-0.869141
5.022,1.577149,-0.849609
5.023,1.5625,-0.830078
5.024,1.542969,-0.800781
5.025,1.52832,-0.776367
5.026,1.513672,-0.737305
5.027,1.503906,-0.698242
5.028,1.484375,-0.605469
5.029,1.47461,-0.410156
5.03,1.455078,-0.15625
5.031,1.445313,0.078125
5.032,1.425781,0.34668
5.033,1.416016,0.585938
5.034,1.401367,0.834961
5.035,1.386719,1.074219
5.036,1.37207,1.323242
5.037,1.362305,1.557617
5.038,1.347656,1.791992
5.039,1.337891,1.953125
5.04,1.347656,2.03125
5.041,1.386719,2.094727
5.042,1.445313,2.172852
5.043,1.523438,2.265625
5.044,1.621094,2.368164
5.045,1.723633,2.480469
5.046,1.835938,2.587891
5.047,1.938477,2.700196
5.048,2.055664,2.817383
5.049,2.167969,2.929688
5.05,2.285156,3.03711
5.051,2.382813,3.144532
5.052,2.485352,3.232422
5.053,2.573242,3.320313
5.054,2.65625,3.393555
5.055,2.719727,3.461914
5.056,2.788086,3.515625
5.057,2.832032,3.559571
5.058,2.871094,3.583985
5.059,2.900391,3.608399
5.06,2.919922,3.608399
5.061,2.924805,3.598633
5.062,2.919922,3.564453
5.063,2.900391,3.510743
5.064,2.875977,3.427735
5.065,2.841797,3.305664
5.066,2.817383,3.15918
5.067,2.783203,3.00293
5.068,2.758789,2.827149
5.069,2.72461,2.661133
5.07,2.700196,2.460938
5.071,2.670899,2.265625
5.072,2.641602,2.050781
5.073,2.617188,1.821289
5.074,2.592774,1.611328
5.075,2.56836,1.37207
5.076,2.539063,1.12793
5.077,2.509766,0.888672
5.078,2.480469,0.644531
5.079,2.460938,0.390625
5.08,2.431641,0.151367
5.081,2.41211,-0.112305
5.082,2.382813,-0.356445
5.083,2.363281,-0.581055
5.084,2.333985,-0.683594
5.085,2.314453,-0.737305
5.086,2.285156,-0.771484
5.087,2.265625,-0.795899
5.088,2.246094,-0.820313
5.089,2.226563,-0.844727
5.09,2.197266,-0.864258
5.091,2.177735,-0.883789
5.092,2.153321,-0.893555
5.093,2.133789,-0.913086
5.094,2.109375,-0.927734
5.095,2.089844,-0.942383
5.096,2.06543,-0.942383
5.097,2.045899,-0.961914
5.098,2.021485,-0.97168
5.099,2.006836,-0.981445
5.1,1.982422,-0.986328
5.101,1.962891,-0.991211
5.102,1.938477,-0.991211
5.103,1.923828,-1.000977
5.104,1.899414,-1.000977
5.105,1.884766,-1.005859
5.106,1.860352,-1.000977
5.107,1.840821,-1.000977
5.108,1.826172,-1.000977
5.109,1.801758,-0.991211
5.11,1.782227,-0.991211
5.111,1.762695,-0.986328
5.112,1.743164,-0.981445
5.113,1.728516,-0.97168
5.114,1.713867,-0.97168
5.115,1.694336,-0.952149
5.116,1.674805,-0.942383
5.117,1.660156,-0.927734
5.118,1.645508,-0.917969
5.119,1.621094,-0.90332
5.12,1.611328,-0.883789
5.121,1.591797,-0.869141
5.122,1.577149,-0.844727
5.123,1.5625,-0.825195
5.124,1.547852,-0.805664
5.125,1.52832,-0.776367
5.126,1.513672,-0.742188
5.127,1.499024,-0.693359
5.128,1.484375,-0.610352
5.129,1.469727,-0.405273
5.13,1.459961,-0.15625
5.131,1.44043,0.087891
5.132,1.430664,0.34668
5.133,1.416016,0.595703
5.134,1.401367,0.839844
5.135,1.386719,1.074219
5.136,1.37207,1.323242
5.137,1.362305,1.5625
5.138,1.347656,1.777344
5.139,1.337891,1.948242
5.14,1.352539,2.026367
5.141,1.386719,2.09961
5.142,1.450195,2.172852
5.143,1.523438,2.265625
5.144,1.621094,2.368164
5.145,1.71875,2.475586
5.146,1.831055,2.592774
5.147,1.94336,2.705078
5.148,2.060547,2.822266
5.149,2.167969,2.929688
5.15,2.285156,3.03711
5.151,2.382813,3.139649
5.152,2.480469,3.232422
5.153,2.573242,3.325196
5.154,2.651367,3.393555
5.155,2.72461,3.461914
5.156,2.783203,3.515625
5.157,2.832032,3.559571
5.158,2.875977,3.588868
5.159,2.900391,3.608399
5.16,2.924805,3.608399
5.161,2.919922,3.598633
5.162,2.915039,3.564453
5.163,2.895508,3.515625
5.164,2.875977,3.417969
5.165,2.841797,3.300782
5.166,2.817383,3.164063
5.167,2.783203,2.998047
5.168,2.753907,2.832032
5.169,2.729492,2.651367
5.17,2.695313,2.465821
5.171,2.670899,2.265625
5.172,2.641602,2.055664
5.173,2.617188,1.831055
5.174,2.587891,1.601563
5.175,2.563477,1.367188
5.176,2.539063,1.123047
5.177,2.509766,0.883789
5.178,2.485352,0.639649
5.179,2.456055,0.380859
5.18,2.436524,0.141602
5.181,2.407227,-0.107422
5.182,2.387696,-0.356445
5.183,2.358399,-0.576172
5.184,2.338867,-0.683594
5.185,2.309571,-0.732422
5.186,2.294922,-0.771484
5.187,2.265625,-0.805664
5.188,2.246094,-0.830078
5.189,2.216797,-0.839844
5.19,2.197266,-0.864258
5.191,2.172852,-0.878906
5.192,2.158203,-0.90332
5.193,2.128906,-0.913086
5.194,2.109375,-0.927734
5.195,2.089844,-0.942383
5.196,2.06543,-0.947266
5.197,2.045899,-0.957031
5.198,2.021485,-0.966797
5.199,2.001953,-0.981445
5.2,1.982422,-0.981445
5.201,1.962891,-0.996094
5.202,1.94336,-0.991211
5.203,1.923828,-1.010742
5.204,1.899414,-1.000977
5.205,1.884766,-1.000977
5.206,1.860352,-1.000977
5.207,1.840821,-1.005859
5.208,1.821289,-1.000977
5.209,1.806641,-0.996094
5.21,1.78711,-0.991211
5.211,1.767578,-0.986328
5.212,1.743164,-0.981445
5.213,1.728516,-0.97168
5.214,1.708985,-0.961914
5.215,1.694336,-0.952149
5.216,1.674805,-0.9375
5.217,1.660156,-0.932617
5.218,1.640625,-0.917969
5.219,1.63086,-0.90332
5.22,1.606445,-0.883789
5.221,1.59668,-0.869141
5.222,1.577149,-0.854492
5.223,1.5625,-0.825195
5.224,1.547852,-0.800781
5.225,1.533203,-0.776367
5.226,1.513672,-0.742188
5.227,1.503906,-0.698242
5.228,1.484375,-0.610352
5.229,1.47461,-0.415039
5.23,1.455078,-0.146484
5.231,1.445313,0.092773
5.232,1.425781,0.34668
5.233,1.416016,0.585938
5.234,1.401367,0.834961
5.235,1.391602,1.088867
5.236,1.37207,1.328125
5.237,1.362305,1.557617
5.238,1.347656,1.791992
5.239,1.337891,1.953125
5.24,1.347656,2.03125
5.241,1.386719,2.094727
5.242,1.445313,2.177735
5.243,1.52832,2.265625
5.244,1.616211,2.368164
5.245,1.71875,2.470703
5.246,1.831055,2.587891
5.247,1.948242,2.705078
5.248,2.055664,2.827149
5.249,2.172852,2.929688
5.25,2.280274,3.03711
5.251,2.382813,3.139649
5.252,2.480469,3.232422
5.253,2.56836,3.325196
5.254,2.651367,3.398438
5.255,2.72461,3.466797
5.256,2.783203,3.525391
5.257,2.832032,3.554688
5.258,2.871094,3.588868
5.259,2.900391,3.608399
5.26,2.919922,3.608399
5.261,2.924805,3.598633
5.262,2.915039,3.564453
5.263,2.900391,3.515625
5.264,2.871094,3.4375
5.265,2.84668,3.300782
5.266,2.817383,3.15918
5.267,2.783203,3.00293
5.268,2.753907,2.836914
5.269,2.72461,2.651367
5.27,2.695313,2.460938
5.271,2.666016,2.25586
5.272,2.641602,2.06543
5.273,2.617188,1.826172
5.274,2.587891,1.606445
5.275,2.563477,1.37207
5.276,2.53418,1.123047
5.277,2.514649,0.883789
5.278,2.480469,0.644531
5.279,2.460938,0.390625
5.28,2.431641,0.141602
5.281,2.407227,-0.112305
5.282,2.382813,-0.361328
5.283,2.363281,-0.585938
5.284,2.338867,-0.683594
5.285,2.309571,-0.737305
5.286,2.290039,-0.766602
5.287,2.265625,-0.800781
5.288,2.241211,-0.820313
5.289,2.22168,-0.834961
5.29,2.197266,-0.859375
5.291,2.177735,-0.883789
5.292,2.153321,-0.898438
5.293,2.133789,-0.917969
5.294,2.109375,-0.922852
5.295,2.089844,-0.932617
5.296,2.06543,-0.947266
5.297,2.045899,-0.957031
5.298,2.021485,-0.97168
5.299,2.001953,-0.981445
5.3,1.982422,-0.986328
5.301,1.962891,-0.991211
5.302,1.94336,-0.991211
5.303,1.923828,-1.000977
5.304,1.899414,-1.000977
5.305,1.879883,-1.000977
5.306,1.855469,-1.005859
5.307,1.835938,-1.000977
5.308,1.821289,-1.000977
5.309,1.806641,-0.996094
5.31,1.78711,-0.991211
5.311,1.767578,-0.981445
5.312,1.748047,-0.986328
5.313,1.728516,-0.97168
5.314,1.713867,-0.961914
5.315,1.694336,-0.952149
5.316,1.679688,-0.942383
5.317,1.660156,-0.927734
5.318,1.645508,-0.913086
5.319,1.625977,-0.90332
5.32,1.611328,-0.888672
5.321,1.591797,-0.864258
5.322,1.577149,-0.844727
5.323,1.5625,-0.825195
5.324,1.542969,-0.805664
5.325,1.52832,-0.771484
5.326,1.518555,-0.74707
5.327,1.499024,-0.698242
5.328,1.489258,-0.605469
5.329,1.469727,-0.405273
5.33,1.455078,-0.146484
5.331,1.44043,0.092773
5.332,1.430664,0.341797
5.333,1.411133,0.585938
5.334,1.401367,0.834961
5.335,1.386719,1.079102
5.336,1.376953,1.31836
5.337,1.357422,1.557617
5.338,1.347656,1.782227
5.339,1.337891,1.94336
5.34,1.347656,2.026367
5.341,1.386719,2.094727
5.342,1.450195,2.177735
5.343,1.52832,2.265625
5.344,1.621094,2.368164
5.345,1.723633,2.475586
5.346,1.831055,2.597657
5.347,1.94336,2.705078
5.348,2.055664,2.822266
5.349,2.172852,2.929688
5.35,2.275391,3.041992
5.351,2.387696,3.139649
5.352,2.480469,3.242188
5.353,2.573242,3.320313
5.354,2.651367,3.398438
5.355,2.72461,3.457032
5.356,2.783203,3.515625
5.357,2.832032,3.554688
5.358,2.871094,3.588868
5.359,2.900391,3.603516
5.36,2.919922,3.608399
5.361,2.924805,3.59375
5.362,2.915039,3.574219
5.363,2.900391,3.510743
5.364,2.871094,3.417969
5.365,2.841797,3.300782
5.366,2.807617,3.164063
5.367,2.783203,2.998047
5.368,2.749024,2.836914
5.369,2.72461,2.65625
5.37,2.695313,2.460938
5.371,2.670899,2.260742
5.372,2.641602,2.050781
5.373,2.617188,1.835938
5.374,2.592774,1.601563
5.375,2.563477,1.367188
5.376,2.539063,1.123047
5.377,2.509766,0.888672
5.378,2.485352,0.629883
5.379,2.456055,0.390625
5.38,2.436524,0.136719
5.381,2.407227,-0.107422
5.382,2.387696,-0.356445
5.383,2.358399,-0.581055
5.384,2.338867,-0.683594
5.385,2.314453,-0.732422
5.386,2.290039,-0.771484
5.387,2.265625,-0.795899
5.388,2.246094,-0.825195
5.389,2.22168,-0.844727
5.39,2.202149,-0.864258
5.391,2.177735,-0.878906
5.392,2.158203,-0.898438
5.393,2.128906,-0.908203
5.394,2.114258,-0.927734
5.395,2.084961,-0.9375
5.396,2.06543,-0.947266
5.397,2.045899,-0.961914
5.398,2.026367,-0.97168
5.399,2.001953,-0.976563
5.4,1.987305,-0.986328
5.401,1.962891,-0.986328
5.402,1.94336,-0.996094
5.403,1.918946,-0.996094
5.404,1.899414,-1.000977
5.405,1.879883,-1.000977
5.406,1.860352,-0.996094
5.407,1.840821,-0.996094
5.408,1.821289,-1.000977
5.409,1.801758,-0.996094
5.41,1.78711,-0.991211
5.411,1.762695,-0.986328
5.412,1.748047,-0.981445
5.413,1.728516,-0.976563
5.414,1.713867,-0.966797
5.415,1.694336,-0.947266
5.416,1.679688,-0.942383
5.417,1.660156,-0.927734
5.418,1.645508,-0.913086
5.419,1.625977,-0.898438
5.42,1.611328,-0.888672
5.421,1.591797,-0.878906
5.422,1.577149,-0.849609
5.423,1.5625,-0.830078
5.424,1.547852,-0.805664
5.425,1.533203,-0.776367
5.426,1.518555,-0.74707
5.427,1.499024,-0.693359
5.428,1.484375,-0.615234
5.429,1.469727,-0.400391
5.43,1.459961,-0.166016
5.431,1.44043,0.092773
5.432,1.430664,0.336914
5.433,1.416016,0.600586
5.434,1.401367,0.839844
5.435,1.386719,1.079102
5.436,1.376953,1.323242
5.437,1.362305,1.557617
5.438,1.347656,1.782227
5.439,1.337891,1.958008
5.44,1.352539,2.026367
5.441,1.391602,2.09961
5.442,1.450195,2.172852
5.443,1.52832,2.265625
5.444,1.621094,2.363281
5.445,1.723633,2.475586
5.446,1.835938,2.587891
5.447,1.94336,2.705078
5.448,2.055664,2.817383
5.449,2.167969,2.929688
5.45,2.280274,3.03711
5.451,2.37793,3.139649
5.452,2.485352,3.232422
5.453,2.573242,3.320313
5.454,2.65625,3.393555
5.455,2.719727,3.461914
5.456,2.783203,3.515625
5.457,2.836914,3.554688
5.458,2.871094,3.588868
5.459,2.905274,3.608399
5.46,2.919922,3.613282
5.461,2.924805,3.598633
5.462,2.915039,3.569336
5.463,2.900391,3.510743
5.464,2.871094,3.427735
5.465,2.84668,3.300782
5.466,2.8125,3.15918
5.467,2.788086,3.00293
5.468,2.753907,2.836914
5.469,2.72461,2.651367
5.47,2.695313,2.456055
5.471,2.670899,2.265625
5.472,2.641602,2.041016
5.473,2.617188,1.826172
5.474,2.587891,1.606445
5.475,2.563477,1.367188
5.476,2.539063,1.132813
5.477,2.509766,0.883789
5.478,2.485352,0.639649
5.479,2.460938,0.390625
5.48,2.431641,0.131836
5.481,2.407227,-0.107422
5.482,2.387696,-0.356445
5.483,2.363281,-0.581055
5.484,2.338867,-0.683594
5.485,2.314453,-0.732422
5.486,2.290039,-0.766602
5.487,2.265625,-0.795899
5.488,2.241211,-0.820313
5.489,2.22168,-0.844727
5.49,2.197266,-0.864258
5.491,2.177735,-0.883789
5.492,2.153321,-0.898438
5.493,2.138672,-0.913086
5.494,2.109375,-0.927734
5.495,2.084961,-0.9375
5.496,2.06543,-0.952149
5.497,2.045899,-0.961914
5.498,2.026367,-0.966797
5.499,2.001953,-0.981445
5.5,1.982422,-0.986328
5.501,1.962891,-0.996094
5.502,1.94336,-0.996094
5.503,1.918946,-0.996094
5.504,1.899414,-1.000977
5.505,1.879883,-1.000977
5.506,1.860352,-1.005859
5.507,1.845703,-1.000977
5.508,1.826172,-1.000977
5.509,1.801758,-0.996094
5.51,1.78711,-0.996094
5.511,1.767578,-0.981445
5.512,1.748047,-0.981445
5.513,1.723633,-0.97168
5.514,1.708985,-0.961914
5.515,1.689453,-0.947266
5.516,1.679688,-0.942383
5.517,1.655274,-0.932617
5.518,1.645508,-0.922852
5.519,1.625977,-0.898438
5.52,1.611328,-0.878906
5.521,1.591797,-0.869141
5.522,1.577149,-0.849609
5.523,1.5625,-0.830078
5.524,1.547852,-0.805664
5.525,1.52832,-0.776367
5.526,1.518555,-0.742188
5.527,1.499024,-0.693359
5.528,1.489258,-0.615234
5.529,1.47461,-0.405273
5.53,1.455078,-0.166016
5.531,1.44043,0.092773
5.532,1.430664,0.332031
5.533,1.411133,0.595703
5.534,1.401367,0.830078
5.535,1.386719,1.079102
5.536,1.37207,1.313477
5.537,1.362305,1.557617
5.538,1.342774,1.791992
5.539,1.337891,1.948242
5.54,1.352539,2.026367
5.541,1.386719,2.094727
5.542,1.445313,2.172852
5.543,1.533203,2.265625
5.544,1.616211,2.368164
5.545,1.723633,2.470703
5.546,1.831055,2.587891
5.547,1.94336,2.705078
5.548,2.055664,2.822266
5.549,2.167969,2.929688
5.55,2.280274,3.03711
5.551,2.387696,3.139649
5.552,2.480469,3.232422
5.553,2.573242,3.320313
5.554,2.651367,3.398438
5.555,2.72461,3.461914
5.556,2.778321,3.520508
5.557,2.836914,3.559571
5.558,2.871094,3.588868
5.559,2.900391,3.608399
5.56,2.915039,3.613282
5.561,2.924805,3.59375
5.562,2.915039,3.564453
5.563,2.900391,3.510743
5.564,2.871094,3.427735
5.565,2.84668,3.305664
5.566,2.8125,3.15918
5.567,2.783203,3.00293
5.568,2.753907,2.832032
5.569,2.72461,2.651367
5.57,2.695313,2.465821
5.571,2.670899,2.260742
5.572,2.641602,2.050781
5.573,2.617188,1.826172
5.574,2.587891,1.601563
5.575,2.563477,1.37207
5.576,2.53418,1.12793
5.577,2.514649,0.883789
5.578,2.480469,0.634766
5.579,2.460938,0.385742
5.58,2.436524,0.141602
5.581,2.41211,-0.107422
5.582,2.382813,-0.361328
5.583,2.363281,-0.581055
5.584,2.333985,-0.683594
5.585,2.314453,-0.737305
5.586,2.290039,-0.771484
5.587,2.265625,-0.795899
5.588,2.241211,-0.820313
5.589,2.22168,-0.844727
5.59,2.197266,-0.864258
5.591,2.177735,-0.883789
5.592,2.153321,-0.898438
5.593,2.128906,-0.913086
5.594,2.109375,-0.922852
5.595,2.089844,-0.9375
5.596,2.070313,-0.952149
5.597,2.045899,-0.961914
5.598,2.026367,-0.966797
5.599,2.006836,-0.976563
5.6,1.982422,-0.981445
5.601,1.962891,-0.991211
5.602,1.94336,-0.991211
5.603,1.923828,-1.000977
5.604,1.899414,-1.005859
5.605,1.884766,-1.005859
5.606,1.860352,-1.000977
5.607,1.840821,-1.000977
5.608,1.821289,-1.000977
5.609,1.801758,-0.996094
5.61,1.782227,-0.991211
5.611,1.767578,-0.986328
5.612,1.743164,-0.981445
5.613,1.728516,-0.97168
5.614,1.713867,-0.961914
5.615,1.689453,-0.952149
5.616,1.674805,-0.9375
5.617,1.655274,-0.932617
5.618,1.645508,-0.913086
5.619,1.621094,-0.898438
5.62,1.606445,-0.888672
5.621,1.591797,-0.859375
5.622,1.577149,-0.849609
5.623,1.5625,-0.825195
5.624,1.547852,-0.805664
5.625,1.533203,-0.771484
5.626,1.518555,-0.742188
5.627,1.499024,-0.693359
5.628,1.489258,-0.615234
5.629,1.469727,-0.410156
5.63,1.459961,-0.146484
5.631,1.44043,0.092773
5.632,1.430664,0.336914
5.633,1.411133,0.59082
5.634,1.401367,0.839844
5.635,1.386719,1.079102
5.636,1.37207,1.31836
5.637,1.362305,1.5625
5.638,1.347656,1.78711
5.639,1.337891,1.958008
5.64,1.347656,2.03125
5.641,1.391602,2.094727
5.642,1.450195,2.177735
5.643,1.52832,2.265625
5.644,1.616211,2.363281
5.645,1.723633,2.475586
5.646,1.831055,2.587891
5.647,1.94336,2.700196
5.648,2.055664,2.817383
5.649,2.167969,2.929688
5.65,2.285156,3.03711
5.651,2.382813,3.139649
5.652,2.480469,3.232422
5.653,2.573242,3.325196
5.654,2.651367,3.393555
5.655,2.719727,3.466797
5.656,2.783203,3.510743
5.657,2.832032,3.559571
5.658,2.875977,3.583985
5.659,2.900391,3.608399
5.66,2.919922,3.608399
5.661,2.919922,3.603516
5.662,2.919922,3.564453
5.663,2.900391,3.515625
5.664,2.871094,3.427735
5.665,2.84668,3.300782
5.666,2.8125,3.15918
5.667,2.788086,3.00293
5.668,2.753907,2.836914
5.669,2.729492,2.65625
5.67,2.695313,2.460938
5.671,2.670899,2.25586
5.672,2.641602,2.055664
5.673,2.617188,1.831055
5.674,2.592774,1.601563
5.675,2.563477,1.376953
5.676,2.539063,1.123047
5.677,2.509766,0.878906
5.678,2.480469,0.629883
5.679,2.460938,0.390625
5.68,2.431641,0.146484
5.681,2.407227,-0.112305
5.682,2.382813,-0.361328
5.683,2.363281,-0.581055
5.684,2.338867,-0.683594
5.685,2.314453,-0.732422
5.686,2.294922,-0.766602
5.687,2.265625,-0.800781
5.688,2.250977,-0.825195
5.689,2.216797,-0.844727
5.69,2.202149,-0.864258
5.691,2.177735,-0.878906
5.692,2.158203,-0.898438
5.693,2.128906,-0.913086
5.694,2.114258,-0.927734
5.695,2.084961,-0.9375
5.696,2.070313,-0.952149
5.697,2.041016,-0.957031
5.698,2.026367,-0.966797
5.699,2.001953,-0.981445
5.7,1.982422,-0.991211
5.701,1.962891,-0.991211
5.702,1.938477,-0.996094
5.703,1.918946,-0.996094
5.704,1.904297,-1.000977
5.705,1.879883,-1.005859
5.706,1.865235,-0.996094
5.707,1.840821,-1.000977
5.708,1.821289,-1.000977
5.709,1.801758,-0.996094
5.71,1.78711,-0.991211
5.711,1.767578,-0.986328
5.712,1.748047,-0.976563
5.713,1.728516,-0.97168
5.714,1.708985,-0.97168
5.715,1.694336,-0.947266
5.716,1.674805,-0.942383
5.717,1.660156,-0.927734
5.718,1.640625,-0.913086
5.719,1.625977,-0.898438
5.72,1.606445,-0.883789
5.721,1.591797,-0.869141
5.722,1.577149,-0.849609
5.723,1.5625,-0.825195
5.724,1.542969,-0.805664
5.725,1.533203,-0.776367
5.726,1.513672,-0.742188
5.727,1.503906,-0.698242
5.728,1.479492,-0.610352
5.729,1.47461,-0.405273
5.73,1.455078,-0.15625
5.731,1.445313,0.092773
5.732,1.425781,0.336914
5.733,1.416016,0.585938
5.734,1.396485,0.834961
5.735,1.386719,1.083984
5.736,1.37207,1.323242
5.737,1.362305,1.567383
5.738,1.347656,1.78711
5.739,1.342774,1.953125
5.74,1.352539,2.03125
5.741,1.386719,2.089844
5.742,1.445313,2.172852
5.743,1.523438,2.260742
5.744,1.621094,2.368164
5.745,1.71875,2.475586
5.746,1.826172,2.587891
5.747,1.94336,2.705078
5.748,2.060547,2.817383
5.749,2.172852,2.929688
5.75,2.285156,3.03711
5.751,2.382813,3.144532
5.752,2.480469,3.237305
5.753,2.573242,3.325196
5.754,2.651367,3.398438
5.755,2.719727,3.461914
5.756,2.783203,3.520508
5.757,2.832032,3.559571
5.758,2.875977,3.588868
5.759,2.900391,3.608399
5.76,2.919922,3.613282
5.761,2.919922,3.59375
5.762,2.919922,3.569336
5.763,2.900391,3.510743
5.764,2.875977,3.422852
5.765,2.841797,3.310547
5.766,2.817383,3.164063
5.767,2.783203,3.007813
5.768,2.753907,2.836914
5.769,2.72461,2.651367
5.77,2.700196,2.460938
5.771,2.670899,2.270508
5.772,2.641602,2.050781
5.773,2.617188,1.840821
5.774,2.592774,1.606445
5.775,2.563477,1.37207
5.776,2.539063,1.12793
5.777,2.509766,0.888672
5.778,2.485352,0.639649
5.779,2.456055,0.400391
5.78,2.436524,0.141602
5.781,2.41211,-0.117188
5.782,2.382813,-0.366211
5.783,2.358399,-0.571289
5.784,2.338867,-0.683594
5.785,2.314453,-0.732422
5.786,2.290039,-0.771484
5.787,2.270508,-0.795899
5.788,2.246094,-0.834961
5.789,2.22168,-0.844727
5.79,2.197266,-0.869141
5.791,2.177735,-0.878906
5.792,2.153321,-0.898438
5.793,2.133789,-0.917969
5.794,2.109375,-0.927734
5.795,2.094727,-0.9375
5.796,2.06543,-0.952149
5.797,2.045899,-0.966797
5.798,2.026367,-0.966797
5.799,2.006836,-0.981445
5.8,1.982422,-0.981445
5.801,1.962891,-0.991211
5.802,1.938477,-0.991211
5.803,1.923828,-1.000977
5.804,1.904297,-1.000977
5.805,1.884766,-1.000977
5.806,1.860352,-1.000977
5.807,1.840821,-1.000977
5.808,1.821289,-0.996094
5.809,1.801758,-0.996094
5.81,1.782227,-0.986328
5.811,1.767578,-0.986328
5.812,1.748047,-0.97168
5.813,1.733399,-0.97168
5.814,1.713867,-0.961914
5.815,1.699219,-0.957031
5.816,1.679688,-0.9375
5.817,1.660156,-0.927734
5.818,1.640625,-0.913086
5.819,1.625977,-0.90332
5.82,1.606445,-0.883789
5.821,1.591797,-0.869141
5.822,1.577149,-0.839844
5.823,1.5625,-0.830078
5.824,1.547852,-0.800781
5.825,1.533203,-0.776367
5.826,1.513672,-0.742188
5.827,1.503906,-0.698242
5.828,1.484375,-0.605469
5.829,1.469727,-0.405273
5.83,1.455078,-0.166016
5.831,1.445313,0.087891
5.832,1.430664,0.341797
5.833,1.416016,0.585938
5.834,1.401367,0.834961
5.835,1.391602,1.083984
5.836,1.37207,1.323242
5.837,1.362305,1.557617
5.838,1.347656,1.78711
5.839,1.342774,1.948242
5.84,1.352539,2.03125
5.841,1.386719,2.094727
5.842,1.450195,2.177735
5.843,1.52832,2.265625
5.844,1.621094,2.368164
5.845,1.723633,2.470703
5.846,1.831055,2.587891
5.847,1.94336,2.705078
5.848,2.055664,2.817383
5.849,2.167969,2.934571
5.85,2.280274,3.03711
5.851,2.387696,3.144532
5.852,2.485352,3.237305
5.853,2.573242,3.320313
5.854,2.65625,3.393555
5.855,2.719727,3.461914
5.856,2.783203,3.515625
5.857,2.836914,3.559571
5.858,2.875977,3.583985
5.859,2.900391,3.608399
5.86,2.919922,3.608399
5.861,2.919922,3.603516
5.862,2.919922,3.564453
5.863,2.900391,3.496094
5.864,2.871094,3.432618
5.865,2.84668,3.305664
5.866,2.8125,3.164063
5.867,2.783203,3.007813
5.868,2.753907,2.836914
5.869,2.729492,2.651367
5.87,2.700196,2.465821
5.871,2.670899,2.270508
5.872,2.641602,2.060547
5.873,2.622071,1.835938
5.874,2.587891,1.601563
5.875,2.563477,1.362305
5.876,2.539063,1.12793
5.877,2.514649,0.883789
5.878,2.485352,0.644531
5.879,2.460938,0.390625
5.88,2.436524,0.141602
5.881,2.41211,-0.112305
5.882,2.382813,-0.351563
5.883,2.358399,-0.581055
5.884,2.333985,-0.683594
5.885,2.314453,-0.732422
5.886,2.294922,-0.771484
5.887,2.265625,-0.805664
5.888,2.241211,-0.825195
5.889,2.22168,-0.844727
5.89,2.197266,-0.869141
5.891,2.177735,-0.878906
5.892,2.153321,-0.898438
5.893,2.138672,-0.913086
5.894,2.109375,-0.927734
5.895,2.084961,-0.9375
5.896,2.06543,-0.952149
5.897,2.041016,-0.961914
5.898,2.026367,-0.976563
5.899,2.001953,-0.976563
5.9,1.987305,-0.986328
5.901,1.962891,-0.991211
5.902,1.94336,-0.996094
5.903,1.918946,-0.996094
5.904,1.904297,-1.000977
5.905,1.879883,-1.000977
5.906,1.865235,-1.000977
5.907,1.840821,-1.000977
5.908,1.826172,-1.000977
5.909,1.801758,-0.996094
5.91,1.78711,-0.991211
5.911,1.762695,-0.986328
5.912,1.748047,-0.976563
5.913,1.728516,-0.966797
5.914,1.713867,-0.961914
5.915,1.694336,-0.952149
5.916,1.679688,-0.942383
5.917,1.660156,-0.927734
5.918,1.645508,-0.917969
5.919,1.625977,-0.898438
5.92,1.611328,-0.888672
5.921,1.591797,-0.869141
5.922,1.577149,-0.849609
5.923,1.557617,-0.825195
5.924,1.542969,-0.805664
5.925,1.52832,-0.776367
5.926,1.513672,-0.74707
5.927,1.499024,-0.693359
5.928,1.489258,-0.610352
5.929,1.469727,-0.410156
5.93,1.459961,-0.151367
5.931,1.44043,0.092773
5.932,1.430664,0.336914
5.933,1.411133,0.585938
5.934,1.401367,0.834961
5.935,1.386719,1.079102
5.936,1.37207,1.31836
5.937,1.362305,1.567383
5.938,1.347656,1.782227
5.939,1.337891,1.948242
5.94,1.352539,2.026367
5.941,1.386719,2.094727
5.942,1.445313,2.172852
5.943,1.52832,2.265625
5.944,1.621094,2.373047
5.945,1.723633,2.470703
5.946,1.831055,2.592774
5.947,1.948242,2.705078
5.948,2.055664,2.8125
5.949,2.167969,2.929688
5.95,2.280274,3.041992
5.951,2.382813,3.139649
5.952,2.480469,3.237305
5.953,2.573242,3.320313
5.954,2.651367,3.393555
5.955,2.729492,3.461914
5.956,2.783203,3.515625
5.957,2.836914,3.554688
5.958,2.871094,3.59375
5.959,2.900391,3.603516
5.96,2.915039,3.618164
5.961,2.929688,3.59375
5.962,2.915039,3.564453
5.963,2.905274,3.515625
5.964,2.875977,3.422852
5.965,2.84668,3.305664
5.966,2.8125,3.168946
5.967,2.783203,3.007813
5.968,2.753907,2.836914
5.969,2.72461,2.646485
5.97,2.695313,2.460938
5.971,2.670899,2.265625
5.972,2.646485,2.055664
5.973,2.612305,1.840821
5.974,2.587891,1.59668
5.975,2.563477,1.37207
5.976,2.539063,1.123047
5.977,2.514649,0.883789
5.978,2.485352,0.634766
5.979,2.456055,0.385742
5.98,2.436524,0.141602
5.981,2.407227,-0.102539
5.982,2.387696,-0.361328
5.983,2.358399,-0.576172
5.984,2.338867,-0.683594
5.985,2.314453,-0.732422
5.986,2.290039,-0.771484
5.987,2.265625,-0.795899
5.988,2.246094,-0.830078
5.989,2.22168,-0.844727
5.99,2.197266,-0.869141
5.991,2.172852,-0.883789
5.992,2.158203,-0.898438
5.993,2.128906,-0.913086
5.994,2.109375,-0.922852
5.995,2.089844,-0.9375
5.996,2.06543,-0.947266
5.997,2.045899,-0.961914
5.998,2.021485,-0.966797
5.999,2.006836,-0.981445
6,1.982422,-0.981445
6.001,1.962891,-0.991211
6.002,1.938477,-0.996094
6.003,1.918946,-1.000977
6.004,1.899414,-1.000977
6.005,1.884766,-1.005859
6.006,1.860352,-1.000977
6.007,1.845703,-1.005859
6.008,1.821289,-1.000977
6.009,1.806641,-0.996094
6.01,1.782227,-0.996094
6.011,1.762695,-0.986328
6.012,1.748047,-0.981445
6.013,1.728516,-0.97168
6.014,1.713867,-0.957031
6.015,1.694336,-0.952149
6.016,1.679688,-0.942383
6.017,1.660156,-0.927734
6.018,1.645508,-0.917969
6.019,1.625977,-0.898438
6.02,1.611328,-0.888672
6.021,1.591797,-0.859375
6.022,1.577149,-0.849609
6.023,1.5625,-0.825195
6.024,1.547852,-0.805664
6.025,1.52832,-0.776367
6.026,1.518555,-0.742188
6.027,1.499024,-0.693359
6.028,1.489258,-0.610352
6.029,1.469727,-0.405273
6.03,1.455078,-0.170898
6.031,1.44043,0.092773
6.032,1.430664,0.336914
6.033,1.416016,0.59082
6.034,1.401367,0.834961
6.035,1.391602,1.074219
6.036,1.37207,1.328125
6.037,1.362305,1.557617
6.038,1.347656,1.791992
6.039,1.337891,1.953125
6.04,1.347656,2.026367
6.041,1.391602,2.094727
6.042,1.450195,2.177735
6.043,1.52832,2.265625
6.044,1.621094,2.368164
6.045,1.723633,2.480469
6.046,1.831055,2.587891
6.047,1.948242,2.700196
6.048,2.060547,2.822266
6.049,2.172852,2.929688
6.05,2.280274,3.03711
6.051,2.382813,3.144532
6.052,2.475586,3.232422
6.053,2.573242,3.320313
6.054,2.651367,3.398438
6.055,2.72461,3.461914
6.056,2.783203,3.510743
6.057,2.832032,3.559571
6.058,2.875977,3.588868
6.059,2.900391,3.608399
6.06,2.924805,3.608399
6.061,2.924805,3.598633
6.062,2.919922,3.564453
6.063,2.900391,3.500977
6.064,2.875977,3.427735
6.065,2.841797,3.310547
6.066,2.8125,3.15918
6.067,2.783203,3.00293
6.068,2.753907,2.836914
6.069,2.729492,2.651367
6.07,2.700196,2.465821
6.071,2.670899,2.270508
6.072,2.641602,2.050781
6.073,2.617188,1.816406
6.074,2.587891,1.611328
6.075,2.563477,1.367188
6.076,2.539063,1.132813
6.077,2.514649,0.883789
6.078,2.480469,0.644531
6.079,2.460938,0.395508
6.08,2.431641,0.146484
6.081,2.41211,-0.12207
6.082,2.387696,-0.361328
6.083,2.363281,-0.581055
6.084,2.333985,-0.683594
6.085,2.314453,-0.737305
6.086,2.290039,-0.766602
6.087,2.270508,-0.800781
6.088,2.241211,-0.81543
6.089,2.22168,-0.849609
6.09,2.197266,-0.869141
6.091,2.177735,-0.883789
6.092,2.153321,-0.898438
6.093,2.133789,-0.908203
6.094,2.109375,-0.932617
6.095,2.084961,-0.9375
6.096,2.070313,-0.961914
6.097,2.045899,-0.961914
6.098,2.026367,-0.97168
6.099,2.001953,-0.976563
6.1,1.987305,-0.986328
6.101,1.962891,-0.991211
6.102,1.94336,-1.000977
6.103,1.918946,-0.996094
6.104,1.904297,-1.000977
6.105,1.879883,-1.000977
6.106,1.860352,-0.996094
6.107,1.840821,-1.000977
6.108,1.821289,-0.996094
6.109,1.801758,-0.996094
6.11,1.78711,-0.991211
6.111,1.767578,-0.986328
6.112,1.743164,-0.976563
6.113,1.728516,-0.97168
6.114,1.708985,-0.961914
6.115,1.694336,-0.957031
6.116,1.679688,-0.942383
6.117,1.660156,-0.932617
6.118,1.640625,-0.913086
6.119,1.625977,-0.90332
6.12,1.606445,-0.878906
6.121,1.591797,-0.864258
6.122,1.572266,-0.844727
6.123,1.5625,-0.825195
6.124,1.542969,-0.805664
6.125,1.52832,-0.776367
6.126,1.513672,-0.742188
6.127,1.499024,-0.698242
6.128,1.489258,-0.610352
6.129,1.47461,-0.400391
6.13,1.455078,-0.166016
6.131,1.44043,0.102539
6.132,1.430664,0.34668
6.133,1.416016,0.59082
6.134,1.401367,0.834961
6.135,1.391602,1.079102
6.136,1.37207,1.328125
6.137,1.362305,1.557617
6.138,1.347656,1.78711
6.139,1.337891,1.958008
6.14,1.347656,2.026367
6.141,1.386719,2.094727
6.142,1.450195,2.177735
6.143,1.52832,2.270508
6.144,1.621094,2.368164
6.145,1.71875,2.475586
6.146,1.831055,2.587891
6.147,1.938477,2.705078
6.148,2.060547,2.807617
6.149,2.172852,2.934571
6.15,2.275391,3.03711
6.151,2.382813,3.139649
6.152,2.480469,3.232422
6.153,2.56836,3.320313
6.154,2.651367,3.398438
6.155,2.719727,3.47168
6.156,2.783203,3.515625
6.157,2.836914,3.554688
6.158,2.871094,3.588868
6.159,2.905274,3.603516
6.16,2.915039,3.613282
6.161,2.924805,3.59375
6.162,2.915039,3.564453
6.163,2.900391,3.510743
6.164,2.875977,3.427735
6.165,2.84668,3.300782
6.166,2.8125,3.164063
6.167,2.783203,3.007813
6.168,2.753907,2.832032
6.169,2.72461,2.65625
6.17,2.700196,2.460938
6.171,2.670899,2.260742
6.172,2.641602,2.050781
6.173,2.617188,1.826172
6.174,2.592774,1.601563
6.175,2.563477,1.376953
6.176,2.539063,1.12793
6.177,2.509766,0.878906
6.178,2.485352,0.634766
6.179,2.456055,0.390625
6.18,2.436524,0.141602
6.181,2.407227,-0.102539
6.182,2.387696,-0.356445